{
	"parent": "block/block",
	"textures": {
		"particle": "minecraft:block/furnace_top",
		"base": "inf:machine/conveyor/base",
		"belt": "inf:machine/conveyor/belt"
	},
	"elements": [
		{
			"name": "bottom",
			"from": [0, 0, 0],
			"to": [16, 2, 16],
			"faces": {
				"north": {"uv": [0, 14, 8, 15], "texture": "#base", "cullface": "north"},
				"east": {"uv": [0, 15, 8, 16], "texture": "#base", "cullface": "east"},
				"south": {"uv": [0, 14, 8, 15], "texture": "#base", "cullface": "south"},
				"west": {"uv": [0, 15, 8, 16], "texture": "#base", "cullface": "west"},
				"up": {"uv": [8, 8, 16, 16], "texture": "#base"},
				"down": {"uv": [8, 0, 16, 8], "texture": "#base", "cullface": "down"}
			}
		},
		{
			"name": "core",
			"from": [4, 2, 2],
			"to": [12, 12, 14],
			"faces": {
				"north": {"uv": [10, 9.5, 14, 14.5], "texture": "#base", "cullface": "north"},
				"east": {"uv": [2, 0, 8, 5], "texture": "#base", "cullface": "east"},
				"south": {"uv": [10, 9.5, 14, 14.5], "texture": "#base", "cullface": "south"},
				"west": {"uv": [2, 0, 8, 5], "texture": "#base", "cullface": "west"}
			}
		},
		{
			"name": "nw_strut",
			"from": [0, 2, 0],
			"to": [4, 12, 2],
			"faces": {
				"north": {"uv": [0, 0, 2, 5], "texture": "#base", "cullface": "north"},
				"east": {"uv": [0, 0, 1, 5], "texture": "#base", "cullface": "north"},
				"south": {"uv": [0, 0, 2, 5], "texture": "#base", "cullface": "west"},
				"west": {"uv": [1, 0, 2, 5], "texture": "#base", "cullface": "west"}
			}
		},
		{
			"name": "nw_belt_support",
			"from": [0, 12, 0],
			"to": [1, 16, 2],
			"rotation": {"angle": 0, "axis": "y", "origin": [8, 9, 8]},
			"faces": {
				"north": {"uv": [0, 5, 0.5, 7], "texture": "#base", "cullface": "north"},
				"south": {"uv": [7, 5, 7.5, 7], "texture": "#base", "cullface": "west"},
				"west": {"uv": [0, 5, 1, 7], "texture": "#base", "cullface": "west"},
				"up": {"uv": [0, 0, 0.5, 1], "rotation": 180, "texture": "#base", "cullface": "up"}
			}
		},
		{
			"name": "ne_strut",
			"from": [12, 2, 0],
			"to": [16, 12, 2],
			"faces": {
				"north": {"uv": [0, 0, 2, 5], "texture": "#base", "cullface": "north"},
				"east": {"uv": [0, 0, 1, 5], "texture": "#base", "cullface": "east"},
				"south": {"uv": [0, 0, 2, 5], "texture": "#base", "cullface": "east"},
				"west": {"uv": [1, 0, 2, 5], "texture": "#base", "cullface": "north"}
			}
		},
		{
			"name": "ne_belt_support",
			"from": [15, 12, 0],
			"to": [16, 16, 2],
			"rotation": {"angle": 0, "axis": "y", "origin": [8, 9, 8]},
			"faces": {
				"north": {"uv": [7.5, 5, 8, 7], "texture": "#base", "cullface": "north"},
				"east": {"uv": [7, 5, 8, 7], "texture": "#base", "cullface": "east"},
				"south": {"uv": [0.5, 5, 1, 7], "texture": "#base", "cullface": "east"},
				"up": {"uv": [0, 0, 0.5, 1], "texture": "#base", "cullface": "up"}
			}
		},
		{
			"name": "se_strut",
			"from": [12, 2, 14],
			"to": [16, 12, 16],
			"faces": {
				"north": {"uv": [2, 0, 0, 5], "texture": "#base", "cullface": "east"},
				"east": {"uv": [1, 0, 0, 5], "texture": "#base", "cullface": "east"},
				"south": {"uv": [2, 0, 0, 5], "texture": "#base", "cullface": "south"},
				"west": {"uv": [2, 0, 1, 5], "texture": "#base", "cullface": "south"}
			}
		},
		{
			"name": "se_belt_support",
			"from": [15, 12, 14],
			"to": [16, 16, 16],
			"rotation": {"angle": 0, "axis": "y", "origin": [8, 9, 8]},
			"faces": {
				"north": {"uv": [7, 5, 7.5, 7], "texture": "#base", "cullface": "east"},
				"east": {"uv": [0, 5, 1, 7], "texture": "#base", "cullface": "east"},
				"south": {"uv": [0, 5, 0.5, 7], "texture": "#base", "cullface": "south"},
				"up": {"uv": [0, 0, 0.5, 1], "texture": "#base", "cullface": "up"}
			}
		},
		{
			"name": "sw_strut",
			"from": [0, 2, 14],
			"to": [4, 12, 16],
			"faces": {
				"north": {"uv": [2, 0, 0, 5], "texture": "#base", "cullface": "west"},
				"east": {"uv": [1, 0, 0, 5], "texture": "#base", "cullface": "south"},
				"south": {"uv": [2, 0, 0, 5], "texture": "#base", "cullface": "south"},
				"west": {"uv": [2, 0, 1, 5], "texture": "#base", "cullface": "west"}
			}
		},
		{
			"name": "sw_belt_support",
			"from": [0, 12, 14],
			"to": [1, 16, 16],
			"rotation": {"angle": 0, "axis": "y", "origin": [8, 9, 8]},
			"faces": {
				"north": {"uv": [0.5, 5, 1, 7], "texture": "#base", "cullface": "west"},
				"south": {"uv": [7.5, 5, 8, 7], "texture": "#base", "cullface": "south"},
				"west": {"uv": [7, 5, 8, 7], "texture": "#base", "cullface": "west"},
				"up": {"uv": [0, 0, 0.5, 1], "rotation": 180, "texture": "#base", "cullface": "up"}
			}
		},
		{
			"name": "center_belt_support",
			"from": [0, 13, 2],
			"to": [16, 16, 14],
			"faces": {
				"east": {"uv": [1, 5, 7, 6.5], "texture": "#base", "cullface": "east"},
				"west": {"uv": [7, 5, 1, 6.5], "texture": "#base", "cullface": "west"},
				"up": {"uv": [1, 5, 7, 5.5], "rotation": 270, "texture": "#base", "cullface": "up"},
				"down": {"uv": [1, 6, 7, 6.5], "rotation": 90, "texture": "#base"}
			}
		},
		{
			"name": "belt_front",
			"from": [1, 13, -1],
			"to": [15, 16.05, 0],
			"rotation": {"angle": 0, "axis": "y", "origin": [8, 9, 8]},
			"faces": {
				"north": {"uv": [1, 12, 15, 15], "rotation": 180, "texture": "#belt", "cullface": "north"},
				"east": {"uv": [0, 12, 1, 15], "rotation": 180, "texture": "#belt", "cullface": "north"},
				"west": {"uv": [15, 12, 16, 15], "rotation": 180, "texture": "#belt", "cullface": "north"},
				"up": {"uv": [1, 15, 15, 16], "rotation": 180, "texture": "#belt", "cullface": "north"},
				"down": {"uv": [1, 11, 15, 12], "rotation": 180, "texture": "#belt", "cullface": "north"}
			}
		},
		{
			"name": "belt_top",
			"from": [1, 16, 0],
			"to": [15, 17, 16],
			"rotation": {"angle": 0, "axis": "x", "origin": [8, 14, 8]},
			"faces": {
				"north": {"uv": [1, 15, 15, 16], "texture": "#belt", "cullface": "up"},
				"east": {"uv": [15, 0, 16, 16], "rotation": 90, "texture": "#belt", "cullface": "up"},
				"south": {"uv": [1, 0, 15, 1], "texture": "#belt", "cullface": "up"},
				"west": {"uv": [0, 0, 1, 16], "rotation": 270, "texture": "#belt", "cullface": "up"},
				"up": {"uv": [1, 0, 15, 16], "texture": "#belt", "cullface": "up"}
			}
		},
		{
			"name": "belt_bottom",
			"from": [1, 12, 0],
			"to": [15, 13, 16],
			"rotation": {"angle": 0, "axis": "x", "origin": [8, 14, 8]},
			"faces": {
				"north": {"uv": [1, 0, 15, 1], "rotation": 180, "texture": "#belt", "cullface": "north"},
				"east": {"uv": [15, 0, 16, 16], "rotation": 270, "texture": "#belt", "cullface": "east"},
				"south": {"uv": [1, 15, 15, 16], "rotation": 180, "texture": "#belt", "cullface": "south"},
				"west": {"uv": [0, 0, 1, 16], "rotation": 90, "texture": "#belt", "cullface": "west"},
				"down": {"uv": [1, 0, 15, 16], "texture": "#belt"}
			}
		},
		{
			"name": "belt_back",
			"from": [1, 13, 16],
			"to": [15, 16.05, 17],
			"rotation": {"angle": 0, "axis": "y", "origin": [8, 9, 8]},
			"faces": {
				"east": {"uv": [15, 1, 16, 4], "texture": "#belt", "cullface": "south"},
				"south": {"uv": [1, 1, 15, 4], "texture": "#belt", "cullface": "south"},
				"west": {"uv": [0, 1, 1, 4], "texture": "#belt", "cullface": "south"},
				"up": {"uv": [1, 0, 15, 1], "texture": "#belt", "cullface": "south"},
				"down": {"uv": [1, 4, 15, 5], "texture": "#belt", "cullface": "south"}
			}
		}
	],
	"groups": [
		{
			"name": "struts",
			"origin": [8, 8, 8],
			"children": [0, 1, 2, 3, 4, 5, 6, 7, 8, 9, 10]
		},
		{
			"name": "belt",
			"origin": [8, 9, 8],
			"children": [11, 12, 13, 14]
		}
	]
}