{
	"parent": "block/block",
	"textures": {
		"base": "inf:machine/drill/level_1/base",
		"particle": "minecraft:block/furnace_top"
	},
	"elements": [
		{
			"from": [-1, 0, 13],
			"to": [3, 3, 17],
			"faces": {
				"north": {"uv": [1, 5, 2.5, 7], "rotation": 270, "texture": "#base"},
				"east": {"uv": [1, 5, 2.5, 7], "rotation": 270, "texture": "#base"},
				"south": {"uv": [1, 5, 2.5, 7], "rotation": 270, "texture": "#base"},
				"west": {"uv": [1, 5, 2.5, 7], "rotation": 270, "texture": "#base"},
				"up": {"uv": [2.5, 5, 4.5, 7], "texture": "#base"},
				"down": {"uv": [2.5, 5, 4.5, 7], "texture": "#base"}
			}
		},
		{
			"from": [2, 6, 13],
			"to": [14, 16, 15],
			"faces": {
				"north": {"uv": [0, 7, 6, 12], "texture": "#base"},
				"south": {"uv": [1, 0, 7, 5], "texture": "#base"},
				"up": {"uv": [0, 12, 6, 13], "texture": "#base"},
				"down": {"uv": [0, 12, 6, 13], "rotation": 180, "texture": "#base"}
			}
		},
		{
			"from": [0, 3, 14],
			"to": [2, 17, 16],
			"faces": {
				"north": {"uv": [0, 0, 1, 7], "texture": "#base"},
				"east": {"uv": [0, 0, 1, 7], "texture": "#base"},
				"south": {"uv": [0, 0, 1, 7], "texture": "#base"},
				"west": {"uv": [0, 0, 1, 7], "texture": "#base"},
				"up": {"uv": [0, 0, 1, 1], "rotation": 270, "texture": "#base"}
			}
		},
		{
			"from": [2, 6, 15],
			"to": [14, 9, 16],
			"faces": {
				"south": {"uv": [1, 3.5, 7, 5], "texture": "#base"},
				"up": {"uv": [1, 3.5, 7, 4], "texture": "#base"},
				"down": {"uv": [0, 13, 6, 13.5], "texture": "#base"}
			}
		},
		{
			"from": [2, 13, 15],
			"to": [14, 16, 16],
			"faces": {
				"south": {"uv": [1, 0, 7, 1.5], "texture": "#base"},
				"up": {"uv": [0, 13, 6, 13.5], "texture": "#base"},
				"down": {"uv": [1, 1, 7, 1.5], "rotation": 90, "texture": "#base"}
			}
		},
		{
			"from": [-1, 0, -1],
			"to": [3, 3, 3],
			"faces": {
				"north": {"uv": [1, 5, 2.5, 7], "rotation": 270, "texture": "#base"},
				"east": {"uv": [1, 5, 2.5, 7], "rotation": 270, "texture": "#base"},
				"south": {"uv": [1, 5, 2.5, 7], "rotation": 270, "texture": "#base"},
				"west": {"uv": [1, 5, 2.5, 7], "rotation": 270, "texture": "#base"},
				"up": {"uv": [2.5, 5, 4.5, 7], "rotation": 90, "texture": "#base"},
				"down": {"uv": [2.5, 5, 4.5, 7], "rotation": 270, "texture": "#base"}
			}
		},
		{
			"from": [1, 6, 2],
			"to": [3, 16, 14],
			"faces": {
				"east": {"uv": [0, 7, 6, 12], "texture": "#base"},
				"west": {"uv": [1, 0, 7, 5], "texture": "#base"},
				"up": {"uv": [0, 12, 6, 13], "rotation": 90, "texture": "#base"},
				"down": {"uv": [0, 12, 6, 13], "rotation": 90, "texture": "#base"}
			}
		},
		{
			"from": [0, 3, 0],
			"to": [2, 17, 2],
			"faces": {
				"north": {"uv": [0, 0, 1, 7], "texture": "#base"},
				"east": {"uv": [0, 0, 1, 7], "texture": "#base"},
				"south": {"uv": [0, 0, 1, 7], "texture": "#base"},
				"west": {"uv": [0, 0, 1, 7], "texture": "#base"},
				"up": {"uv": [0, 0, 1, 1], "texture": "#base"}
			}
		},
		{
			"from": [0, 6, 2],
			"to": [1, 9, 14],
			"faces": {
				"west": {"uv": [1, 3.5, 7, 5], "texture": "#base"},
				"up": {"uv": [1, 3.5, 7, 4], "rotation": 90, "texture": "#base"},
				"down": {"uv": [0, 13, 6, 13.5], "rotation": 270, "texture": "#base"}
			}
		},
		{
			"from": [0, 13, 2],
			"to": [1, 16, 14],
			"faces": {
				"west": {"uv": [1, 0, 7, 1.5], "texture": "#base"},
				"up": {"uv": [0, 13, 6, 13.5], "rotation": 90, "texture": "#base"},
				"down": {"uv": [1, 1, 7, 1.5], "texture": "#base"}
			}
		},
		{
			"from": [13, 0, -1],
			"to": [17, 3, 3],
			"faces": {
				"north": {"uv": [1, 5, 2.5, 7], "rotation": 270, "texture": "#base"},
				"east": {"uv": [1, 5, 2.5, 7], "rotation": 270, "texture": "#base"},
				"south": {"uv": [1, 5, 2.5, 7], "rotation": 270, "texture": "#base"},
				"west": {"uv": [1, 5, 2.5, 7], "rotation": 270, "texture": "#base"},
				"up": {"uv": [2.5, 5, 4.5, 7], "rotation": 180, "texture": "#base"},
				"down": {"uv": [2.5, 5, 4.5, 7], "rotation": 180, "texture": "#base"}
			}
		},
		{
			"from": [2, 6, 1],
			"to": [14, 16, 3],
			"faces": {
				"north": {"uv": [1, 0, 7, 5], "texture": "#base"},
				"south": {"uv": [0, 7, 6, 12], "texture": "#base"},
				"up": {"uv": [0, 12, 6, 13], "rotation": 180, "texture": "#base"},
				"down": {"uv": [0, 12, 6, 13], "texture": "#base"}
			}
		},
		{
			"from": [14, 3, 0],
			"to": [16, 17, 2],
			"faces": {
				"north": {"uv": [0, 0, 1, 7], "texture": "#base"},
				"east": {"uv": [0, 0, 1, 7], "texture": "#base"},
				"south": {"uv": [0, 0, 1, 7], "texture": "#base"},
				"west": {"uv": [0, 0, 1, 7], "texture": "#base"},
				"up": {"uv": [0, 0, 1, 1], "rotation": 90, "texture": "#base"}
			}
		},
		{
			"from": [2, 6, 0],
			"to": [14, 9, 1],
			"faces": {
				"north": {"uv": [1, 3.5, 7, 5], "texture": "#base"},
				"up": {"uv": [1, 3.5, 7, 4], "rotation": 180, "texture": "#base"},
				"down": {"uv": [0, 13, 6, 13.5], "rotation": 180, "texture": "#base"}
			}
		},
		{
			"from": [2, 13, 0],
			"to": [14, 16, 1],
			"faces": {
				"north": {"uv": [1, 0, 7, 1.5], "texture": "#base"},
				"up": {"uv": [0, 13, 6, 13.5], "rotation": 180, "texture": "#base"},
				"down": {"uv": [1, 1, 7, 1.5], "rotation": 270, "texture": "#base"}
			}
		},
		{
			"from": [13, 0, 13],
			"to": [17, 3, 17],
			"faces": {
				"north": {"uv": [1, 5, 2.5, 7], "rotation": 270, "texture": "#base"},
				"east": {"uv": [1, 5, 2.5, 7], "rotation": 270, "texture": "#base"},
				"south": {"uv": [1, 5, 2.5, 7], "rotation": 270, "texture": "#base"},
				"west": {"uv": [1, 5, 2.5, 7], "rotation": 270, "texture": "#base"},
				"up": {"uv": [2.5, 5, 4.5, 7], "rotation": 270, "texture": "#base"},
				"down": {"uv": [2.5, 5, 4.5, 7], "rotation": 90, "texture": "#base"}
			}
		},
		{
			"from": [13, 6, 2],
			"to": [15, 16, 14],
			"faces": {
				"east": {"uv": [1, 0, 7, 5], "texture": "#base"},
				"west": {"uv": [0, 7, 6, 12], "texture": "#base"},
				"up": {"uv": [0, 12, 6, 13], "rotation": 270, "texture": "#base"},
				"down": {"uv": [0, 12, 6, 13], "rotation": 270, "texture": "#base"}
			}
		},
		{
			"from": [14, 3, 14],
			"to": [16, 17, 16],
			"faces": {
				"north": {"uv": [0, 0, 1, 7], "texture": "#base"},
				"east": {"uv": [0, 0, 1, 7], "texture": "#base"},
				"south": {"uv": [0, 0, 1, 7], "texture": "#base"},
				"west": {"uv": [0, 0, 1, 7], "texture": "#base"},
				"up": {"uv": [0, 0, 1, 1], "rotation": 180, "texture": "#base"}
			}
		},
		{
			"from": [15, 6, 2],
			"to": [16, 9, 14],
			"faces": {
				"east": {"uv": [1, 3.5, 7, 5], "texture": "#base"},
				"up": {"uv": [1, 3.5, 7, 4], "rotation": 270, "texture": "#base"},
				"down": {"uv": [0, 13, 6, 13.5], "rotation": 90, "texture": "#base"}
			}
		},
		{
			"from": [15, 13, 2],
			"to": [16, 16, 14],
			"faces": {
				"east": {"uv": [1, 0, 7, 1.5], "texture": "#base"},
				"up": {"uv": [0, 13, 6, 13.5], "rotation": 270, "texture": "#base"},
				"down": {"uv": [1, 1, 7, 1.5], "rotation": 180, "texture": "#base"}
			}
		},
		{
			"name": "core",
			"from": [3, 9, 3],
			"to": [13, 15, 13],
			"faces": {
				"up": {"uv": [7, 0, 12, 5], "texture": "#base"},
				"down": {"uv": [7, 0, 12, 5], "texture": "#base"}
			}
		},
		{
			"from": [6, 2, 6],
			"to": [10, 17, 10],
			"faces": {
				"north": {"uv": [0, 14, 7.5, 16], "rotation": 90, "texture": "#base"},
				"east": {"uv": [0, 14, 7.5, 16], "rotation": 90, "texture": "#base"},
				"south": {"uv": [0, 14, 7.5, 16], "rotation": 90, "texture": "#base"},
				"west": {"uv": [0, 14, 7.5, 16], "rotation": 90, "texture": "#base"},
				"up": {"uv": [4.5, 5, 6.5, 7], "texture": "#base"},
				"down": {"uv": [4.5, 5, 6.5, 7], "texture": "#base"}
			}
		},
		{
			"from": [3, 0, 3],
			"to": [13, 2, 13],
			"faces": {
				"north": {"uv": [7.5, 5, 9.5, 6], "texture": "#base"},
				"east": {"uv": [7.5, 5, 9.5, 6], "texture": "#base"},
				"south": {"uv": [7.5, 5, 9.5, 6], "texture": "#base"},
				"west": {"uv": [6.5, 5, 11.5, 6], "texture": "#base"},
				"up": {"uv": [11, 11, 16, 16], "texture": "#base"},
				"down": {"uv": [11, 11, 16, 16], "texture": "#base"}
			}
		},
		{
			"from": [3.5, -2, 3.5],
			"to": [12.5, 0, 12.5],
			"rotation": {"angle": 45, "axis": "y", "origin": [8, 8, 8]},
			"faces": {
				"north": {"uv": [6.5, 6, 11, 7], "texture": "#base"},
				"east": {"uv": [6.5, 6, 11, 7], "texture": "#base"},
				"south": {"uv": [6.5, 6, 11, 7], "texture": "#base"},
				"west": {"uv": [6.5, 6, 11, 7], "texture": "#base"},
				"up": {"uv": [11.5, 6.5, 16, 11], "texture": "#base"},
				"down": {"uv": [11.5, 6.5, 16, 11], "texture": "#base"}
			}
		},
		{
			"from": [4, -4, 4],
			"to": [12, -2, 12],
			"faces": {
				"north": {"uv": [7.5, 5, 9.5, 6], "texture": "#base"},
				"east": {"uv": [7.5, 5, 9.5, 6], "texture": "#base"},
				"south": {"uv": [7.5, 5, 9.5, 6], "texture": "#base"},
				"west": {"uv": [7, 5, 11, 6], "texture": "#base"},
				"up": {"uv": [12, 2.5, 16, 6.5], "rotation": 90, "texture": "#base"},
				"down": {"uv": [12, 2.5, 16, 6.5], "rotation": 90, "texture": "#base"}
			}
		},
		{
			"from": [4.5, -6, 4.5],
			"to": [11.5, -4, 11.5],
			"rotation": {"angle": 45, "axis": "y", "origin": [8, 8, 8]},
			"faces": {
				"north": {"uv": [6.5, 6, 10, 7], "texture": "#base"},
				"east": {"uv": [6.5, 6, 10, 7], "texture": "#base"},
				"south": {"uv": [6.5, 6, 10, 7], "texture": "#base"},
				"west": {"uv": [6.5, 6, 10, 7], "texture": "#base"},
				"up": {"uv": [7.5, 12.5, 11, 16], "rotation": 270, "texture": "#base"},
				"down": {"uv": [7.5, 12.5, 11, 16], "rotation": 90, "texture": "#base"}
			}
		},
		{
			"from": [5, -8, 5],
			"to": [11, -6, 11],
			"faces": {
				"north": {"uv": [7.5, 5, 9.5, 6], "texture": "#base"},
				"east": {"uv": [7.5, 5, 9.5, 6], "texture": "#base"},
				"south": {"uv": [7.5, 5, 9.5, 6], "texture": "#base"},
				"west": {"uv": [7.5, 5, 10.5, 6], "texture": "#base"},
				"up": {"uv": [8, 9.5, 11, 12.5], "rotation": 180, "texture": "#base"},
				"down": {"uv": [8, 9.5, 11, 12.5], "rotation": 180, "texture": "#base"}
			}
		},
		{
			"from": [5.5, -10, 5.5],
			"to": [10.5, -8, 10.5],
			"rotation": {"angle": -45, "axis": "y", "origin": [8, 8, 8]},
			"faces": {
				"north": {"uv": [7, 6, 9.5, 7], "texture": "#base"},
				"east": {"uv": [7, 6, 9.5, 7], "texture": "#base"},
				"south": {"uv": [7, 6, 9.5, 7], "texture": "#base"},
				"west": {"uv": [7, 6, 9.5, 7], "texture": "#base"},
				"up": {"uv": [8.5, 7, 11, 9.5], "rotation": 180, "texture": "#base"},
				"down": {"uv": [8.5, 7, 11, 9.5], "rotation": 180, "texture": "#base"}
			}
		},
		{
			"from": [6, -12, 6],
			"to": [10, -10, 10],
			"faces": {
				"north": {"uv": [7.5, 5, 9.5, 6], "texture": "#base"},
				"east": {"uv": [7.5, 5, 9.5, 6], "texture": "#base"},
				"south": {"uv": [7.5, 5, 9.5, 6], "texture": "#base"},
				"west": {"uv": [7.5, 5, 9.5, 6], "texture": "#base"},
				"up": {"uv": [14, 0.5, 16, 2.5], "rotation": 270, "texture": "#base"},
				"down": {"uv": [14, 0.5, 16, 2.5], "rotation": 90, "texture": "#base"}
			}
		},
		{
			"from": [6.5, -14, 6.5],
			"to": [9.5, -12, 9.5],
			"rotation": {"angle": -45, "axis": "y", "origin": [8, 8, 8]},
			"faces": {
				"north": {"uv": [8, 6, 9.5, 7], "texture": "#base"},
				"east": {"uv": [8, 6, 9.5, 7], "texture": "#base"},
				"south": {"uv": [8, 6, 9.5, 7], "texture": "#base"},
				"west": {"uv": [8, 6, 9.5, 7], "texture": "#base"},
				"up": {"uv": [12.5, 1, 14, 2.5], "rotation": 270, "texture": "#base"},
				"down": {"uv": [12.5, 1, 14, 2.5], "rotation": 90, "texture": "#base"}
			}
		},
		{
			"from": [7, -16, 7],
			"to": [9, -14, 9],
			"faces": {
				"north": {"uv": [8.5, 5, 9.5, 6], "texture": "#base"},
				"east": {"uv": [8.5, 5, 9.5, 6], "texture": "#base"},
				"south": {"uv": [8.5, 5, 9.5, 6], "texture": "#base"},
				"west": {"uv": [8.5, 5, 9.5, 6], "texture": "#base"},
				"up": {"uv": [13, 0, 14, 1], "texture": "#base"},
				"down": {"uv": [13, 0, 14, 1], "texture": "#base"}
			}
		}
	]
}