{
	"parent": "block/block",
	"textures": {
		"base": "inf:machine/drill/level_1/base",
		"particle": "minecraft:block/furnace_top"
	},
	"elements": [
		{
			"from": [-1, 2, 13],
			"to": [3, 5, 17],
			"rotation": {"angle": 0, "axis": "y", "origin": [8, 10, 8]},
			"faces": {
				"north": {"uv": [1, 5, 2.5, 7], "rotation": 270, "texture": "#base"},
				"east": {"uv": [1, 5, 2.5, 7], "rotation": 270, "texture": "#base"},
				"south": {"uv": [1, 5, 2.5, 7], "rotation": 270, "texture": "#base"},
				"west": {"uv": [1, 5, 2.5, 7], "rotation": 270, "texture": "#base"},
				"up": {"uv": [2.5, 5, 4.5, 7], "texture": "#base"},
				"down": {"uv": [2.5, 5, 4.5, 7], "texture": "#base"}
			}
		},
		{
			"from": [0, 5, 14],
			"to": [2, 13, 16],
			"rotation": {"angle": 0, "axis": "y", "origin": [8, 10, 8]},
			"faces": {
				"north": {"uv": [0, 0, 1, 4], "texture": "#base"},
				"east": {"uv": [0, 0, 1, 4], "texture": "#base"},
				"south": {"uv": [0, 0, 1, 4], "texture": "#base"},
				"west": {"uv": [0, 0, 1, 4], "texture": "#base"},
				"up": {"uv": [0, 0, 1, 1], "rotation": 270, "texture": "#base"}
			}
		},
		{
			"from": [13, 2, 13],
			"to": [17, 5, 17],
			"rotation": {"angle": 0, "axis": "y", "origin": [8, 10, 8]},
			"faces": {
				"north": {"uv": [1, 5, 2.5, 7], "rotation": 270, "texture": "#base"},
				"east": {"uv": [1, 5, 2.5, 7], "rotation": 270, "texture": "#base"},
				"south": {"uv": [1, 5, 2.5, 7], "rotation": 270, "texture": "#base"},
				"west": {"uv": [1, 5, 2.5, 7], "rotation": 270, "texture": "#base"},
				"up": {"uv": [2.5, 5, 4.5, 7], "rotation": 270, "texture": "#base"},
				"down": {"uv": [2.5, 5, 4.5, 7], "rotation": 90, "texture": "#base"}
			}
		},
		{
			"from": [14, 5, 14],
			"to": [16, 13, 16],
			"rotation": {"angle": 0, "axis": "y", "origin": [8, 10, 8]},
			"faces": {
				"north": {"uv": [0, 0, 1, 4], "texture": "#base"},
				"east": {"uv": [0, 0, 1, 4], "texture": "#base"},
				"south": {"uv": [0, 0, 1, 4], "texture": "#base"},
				"west": {"uv": [0, 0, 1, 4], "texture": "#base"},
				"up": {"uv": [0, 0, 1, 1], "rotation": 180, "texture": "#base"}
			}
		},
		{
			"from": [13, 2, -1],
			"to": [17, 5, 3],
			"rotation": {"angle": 0, "axis": "y", "origin": [8, 10, 8]},
			"faces": {
				"north": {"uv": [1, 5, 2.5, 7], "rotation": 270, "texture": "#base"},
				"east": {"uv": [1, 5, 2.5, 7], "rotation": 270, "texture": "#base"},
				"south": {"uv": [1, 5, 2.5, 7], "rotation": 270, "texture": "#base"},
				"west": {"uv": [1, 5, 2.5, 7], "rotation": 270, "texture": "#base"},
				"up": {"uv": [2.5, 5, 4.5, 7], "rotation": 180, "texture": "#base"},
				"down": {"uv": [2.5, 5, 4.5, 7], "rotation": 180, "texture": "#base"}
			}
		},
		{
			"from": [14, 5, 0],
			"to": [16, 13, 2],
			"rotation": {"angle": 0, "axis": "y", "origin": [8, 10, 8]},
			"faces": {
				"north": {"uv": [0, 0, 1, 4], "texture": "#base"},
				"east": {"uv": [0, 0, 1, 4], "texture": "#base"},
				"south": {"uv": [0, 0, 1, 4], "texture": "#base"},
				"west": {"uv": [0, 0, 1, 4], "texture": "#base"},
				"up": {"uv": [0, 0, 1, 1], "rotation": 90, "texture": "#base"}
			}
		},
		{
			"from": [-1, 2, -1],
			"to": [3, 5, 3],
			"rotation": {"angle": 0, "axis": "y", "origin": [8, 10, 8]},
			"faces": {
				"north": {"uv": [1, 5, 2.5, 7], "rotation": 270, "texture": "#base"},
				"east": {"uv": [1, 5, 2.5, 7], "rotation": 270, "texture": "#base"},
				"south": {"uv": [1, 5, 2.5, 7], "rotation": 270, "texture": "#base"},
				"west": {"uv": [1, 5, 2.5, 7], "rotation": 270, "texture": "#base"},
				"up": {"uv": [2.5, 5, 4.5, 7], "rotation": 90, "texture": "#base"},
				"down": {"uv": [2.5, 5, 4.5, 7], "rotation": 270, "texture": "#base"}
			}
		},
		{
			"from": [0, 5, 0],
			"to": [2, 13, 2],
			"rotation": {"angle": 0, "axis": "y", "origin": [8, 10, 8]},
			"faces": {
				"north": {"uv": [0, 0, 1, 4], "texture": "#base"},
				"east": {"uv": [0, 0, 1, 4], "texture": "#base"},
				"south": {"uv": [0, 0, 1, 4], "texture": "#base"},
				"west": {"uv": [0, 0, 1, 4], "texture": "#base"},
				"up": {"uv": [0, 0, 1, 1], "texture": "#base"}
			}
		},
		{
			"from": [4, 11, 4],
			"to": [12, 17, 12],
			"rotation": {"angle": 0, "axis": "y", "origin": [8, 10, 8]},
			"faces": {
				"north": {"uv": [0, 7.5, 4, 10.5], "texture": "#base"},
				"east": {"uv": [0, 7.5, 4, 10.5], "texture": "#base"},
				"south": {"uv": [0, 7.5, 4, 10.5], "texture": "#base"},
				"west": {"uv": [0, 7.5, 4, 10.5], "texture": "#base"},
				"up": {"uv": [7, 1, 11, 5], "texture": "#base"},
				"down": {"uv": [7, 1, 11, 5], "texture": "#base"}
			}
		},
		{
			"from": [7, 13, 0],
			"to": [9, 15, 5],
			"rotation": {"angle": 45, "axis": "y", "origin": [8, 10, 8], "rescale": true},
			"faces": {
				"north": {"uv": [0, 11.5, 1, 12.5], "texture": "#base"},
				"east": {"uv": [0, 11.5, 3.5, 12.5], "texture": "#base"},
				"west": {"uv": [0, 11.5, 3.5, 12.5], "texture": "#base"},
				"up": {"uv": [0, 10.5, 3.5, 12], "rotation": 90, "texture": "#base"},
				"down": {"uv": [0, 10.5, 3.5, 12], "rotation": 90, "texture": "#base"}
			}
		},
		{
			"from": [7, 13, 0],
			"to": [9, 15, 5],
			"rotation": {"angle": -45, "axis": "y", "origin": [8, 10, 8], "rescale": true},
			"faces": {
				"north": {"uv": [0, 11.5, 1, 12.5], "texture": "#base"},
				"east": {"uv": [0, 11.5, 3.5, 12.5], "texture": "#base"},
				"west": {"uv": [0, 11.5, 3.5, 12.5], "texture": "#base"},
				"up": {"uv": [0, 10.5, 3.5, 12], "rotation": 90, "texture": "#base"},
				"down": {"uv": [0, 10.5, 3.5, 12], "rotation": 90, "texture": "#base"}
			}
		},
		{
			"from": [11, 13, 7],
			"to": [16, 15, 9],
			"rotation": {"angle": -45, "axis": "y", "origin": [8, 10, 8], "rescale": true},
			"faces": {
				"north": {"uv": [0, 11.5, 3.5, 12.5], "texture": "#base"},
				"east": {"uv": [0, 11.5, 1, 12.5], "texture": "#base"},
				"south": {"uv": [0, 11.5, 3.5, 12.5], "texture": "#base"},
				"up": {"uv": [0, 10.5, 3.5, 12], "rotation": 180, "texture": "#base"},
				"down": {"uv": [0, 10.5, 3.5, 12], "texture": "#base"}
			}
		},
		{
			"from": [0, 13, 7],
			"to": [5, 15, 9],
			"rotation": {"angle": 45, "axis": "y", "origin": [8, 10, 8], "rescale": true},
			"faces": {
				"north": {"uv": [0, 11.5, 3.5, 12.5], "texture": "#base"},
				"south": {"uv": [0, 11.5, 3.5, 12.5], "texture": "#base"},
				"west": {"uv": [0, 11.5, 1, 12.5], "texture": "#base"},
				"up": {"uv": [0, 10.5, 3.5, 12], "texture": "#base"},
				"down": {"uv": [0, 10.5, 3.5, 12], "rotation": 180, "texture": "#base"}
			}
		},
		{
			"from": [6, 8, 6],
			"to": [10, 20, 10],
			"rotation": {"angle": 0, "axis": "y", "origin": [8, 14, 8]},
			"faces": {
				"north": {"uv": [0, 14, 7.5, 16], "rotation": 90, "texture": "#base"},
				"east": {"uv": [0, 14, 6, 16], "rotation": 90, "texture": "#base"},
				"south": {"uv": [0, 14, 7.5, 16], "rotation": 90, "texture": "#base"},
				"west": {"uv": [0, 14, 7.5, 16], "rotation": 90, "texture": "#base"},
				"up": {"uv": [4.5, 5, 6.5, 7], "texture": "#base"},
				"down": {"uv": [4.5, 5, 6.5, 7], "texture": "#base"}
			}
		},
		{
			"from": [3, 7, 3],
			"to": [13, 8, 13],
			"rotation": {"angle": 0, "axis": "y", "origin": [8, 11, 8]},
			"faces": {
				"north": {"uv": [7.5, 5, 9.5, 6], "texture": "#base"},
				"east": {"uv": [7.5, 5, 9.5, 6], "texture": "#base"},
				"south": {"uv": [7.5, 5, 9.5, 6], "texture": "#base"},
				"west": {"uv": [6.5, 5, 11.5, 6], "texture": "#base"},
				"up": {"uv": [11, 11, 16, 16], "texture": "#base"},
				"down": {"uv": [11, 11, 16, 16], "texture": "#base"}
			}
		},
		{
			"from": [3.5, 6, 3.5],
			"to": [12.5, 7, 12.5],
			"rotation": {"angle": 45, "axis": "y", "origin": [8, 11, 8]},
			"faces": {
				"north": {"uv": [6.5, 6, 11, 7], "texture": "#base"},
				"east": {"uv": [6.5, 6, 11, 7], "texture": "#base"},
				"south": {"uv": [6.5, 6, 11, 7], "texture": "#base"},
				"west": {"uv": [6.5, 6, 11, 7], "texture": "#base"},
				"up": {"uv": [11.5, 6.5, 16, 11], "texture": "#base"},
				"down": {"uv": [11.5, 6.5, 16, 11], "texture": "#base"}
			}
		},
		{
			"from": [4, 5, 4],
			"to": [12, 6, 12],
			"rotation": {"angle": 0, "axis": "y", "origin": [8, 11, 8]},
			"faces": {
				"north": {"uv": [7.5, 5, 9.5, 6], "texture": "#base"},
				"east": {"uv": [7.5, 5, 9.5, 6], "texture": "#base"},
				"south": {"uv": [7.5, 5, 9.5, 6], "texture": "#base"},
				"west": {"uv": [7, 5, 11, 6], "texture": "#base"},
				"up": {"uv": [12, 2.5, 16, 6.5], "rotation": 90, "texture": "#base"},
				"down": {"uv": [12, 2.5, 16, 6.5], "rotation": 90, "texture": "#base"}
			}
		},
		{
			"from": [4.5, 4, 4.5],
			"to": [11.5, 5, 11.5],
			"rotation": {"angle": 45, "axis": "y", "origin": [8, 11, 8]},
			"faces": {
				"north": {"uv": [6.5, 6, 10, 7], "texture": "#base"},
				"east": {"uv": [6.5, 6, 10, 7], "texture": "#base"},
				"south": {"uv": [6.5, 6, 10, 7], "texture": "#base"},
				"west": {"uv": [6.5, 6, 10, 7], "texture": "#base"},
				"up": {"uv": [7.5, 12.5, 11, 16], "rotation": 270, "texture": "#base"},
				"down": {"uv": [7.5, 12.5, 11, 16], "rotation": 90, "texture": "#base"}
			}
		},
		{
			"from": [5, 3, 5],
			"to": [11, 4, 11],
			"rotation": {"angle": 0, "axis": "y", "origin": [8, 11, 8]},
			"faces": {
				"north": {"uv": [7.5, 5, 9.5, 6], "texture": "#base"},
				"east": {"uv": [7.5, 5, 9.5, 6], "texture": "#base"},
				"south": {"uv": [7.5, 5, 9.5, 6], "texture": "#base"},
				"west": {"uv": [7.5, 5, 10.5, 6], "texture": "#base"},
				"up": {"uv": [8, 9.5, 11, 12.5], "rotation": 180, "texture": "#base"},
				"down": {"uv": [8, 9.5, 11, 12.5], "rotation": 180, "texture": "#base"}
			}
		},
		{
			"from": [5.5, 2, 5.5],
			"to": [10.5, 3, 10.5],
			"rotation": {"angle": -45, "axis": "y", "origin": [8, 11, 8]},
			"faces": {
				"north": {"uv": [7, 6, 9.5, 7], "texture": "#base"},
				"east": {"uv": [7, 6, 9.5, 7], "texture": "#base"},
				"south": {"uv": [7, 6, 9.5, 7], "texture": "#base"},
				"west": {"uv": [7, 6, 9.5, 7], "texture": "#base"},
				"up": {"uv": [8.5, 7, 11, 9.5], "rotation": 180, "texture": "#base"},
				"down": {"uv": [8.5, 7, 11, 9.5], "rotation": 180, "texture": "#base"}
			}
		},
		{
			"from": [6, 1, 6],
			"to": [10, 2, 10],
			"rotation": {"angle": 0, "axis": "y", "origin": [8, 11, 8]},
			"faces": {
				"north": {"uv": [7.5, 5, 9.5, 6], "texture": "#base"},
				"east": {"uv": [7.5, 5, 9.5, 6], "texture": "#base"},
				"south": {"uv": [7.5, 5, 9.5, 6], "texture": "#base"},
				"west": {"uv": [7.5, 5, 9.5, 6], "texture": "#base"},
				"up": {"uv": [14, 0.5, 16, 2.5], "rotation": 270, "texture": "#base"},
				"down": {"uv": [14, 0.5, 16, 2.5], "rotation": 90, "texture": "#base"}
			}
		},
		{
			"from": [6.5, 0, 6.5],
			"to": [9.5, 1, 9.5],
			"rotation": {"angle": -45, "axis": "y", "origin": [8, 11, 8]},
			"faces": {
				"north": {"uv": [8, 6, 9.5, 7], "texture": "#base"},
				"east": {"uv": [8, 6, 9.5, 7], "texture": "#base"},
				"south": {"uv": [8, 6, 9.5, 7], "texture": "#base"},
				"west": {"uv": [8, 6, 9.5, 7], "texture": "#base"},
				"up": {"uv": [12.5, 1, 14, 2.5], "rotation": 270, "texture": "#base"},
				"down": {"uv": [12.5, 1, 14, 2.5], "rotation": 90, "texture": "#base"}
			}
		},
		{
			"from": [7, -1, 7],
			"to": [9, 0, 9],
			"rotation": {"angle": 0, "axis": "y", "origin": [8, 11, 8]},
			"faces": {
				"north": {"uv": [8.5, 5, 9.5, 6], "texture": "#base"},
				"east": {"uv": [8.5, 5, 9.5, 6], "texture": "#base"},
				"south": {"uv": [8.5, 5, 9.5, 6], "texture": "#base"},
				"west": {"uv": [8.5, 5, 9.5, 6], "texture": "#base"},
				"up": {"uv": [13, 0, 14, 1], "texture": "#base"},
				"down": {"uv": [13, 0, 14, 1], "texture": "#base"}
			}
		}
	]
}