{
	"parent": "block/block",
	"textures": {
		"base": "inf:machine/drill/level_1/base",
		"particle": "block/furnace_top"
	},
	"elements": [
		{
			"from": [-1, 0, 13],
			"to": [3, 3, 17],
			"faces": {
				"north": {"uv": [1, 5, 2.5, 7], "rotation": 270, "texture": "#base"},
				"east": {"uv": [1, 5, 2.5, 7], "rotation": 270, "texture": "#base"},
				"south": {"uv": [1, 5, 2.5, 7], "rotation": 270, "texture": "#base"},
				"west": {"uv": [1, 5, 2.5, 7], "rotation": 270, "texture": "#base"},
				"up": {"uv": [2.5, 5, 4.5, 7], "texture": "#base"},
				"down": {"uv": [2.5, 5, 4.5, 7], "texture": "#base"}
			}
		},
		{
			"from": [0, 3, 14],
			"to": [2, 11, 16],
			"faces": {
				"north": {"uv": [0, 0, 1, 4], "texture": "#base"},
				"east": {"uv": [0, 0, 1, 4], "texture": "#base"},
				"south": {"uv": [0, 0, 1, 4], "texture": "#base"},
				"west": {"uv": [0, 0, 1, 4], "texture": "#base"},
				"up": {"uv": [0, 0, 1, 1], "rotation": 270, "texture": "#base"}
			}
		},
		{
			"from": [13, 0, 13],
			"to": [17, 3, 17],
			"faces": {
				"north": {"uv": [1, 5, 2.5, 7], "rotation": 270, "texture": "#base"},
				"east": {"uv": [1, 5, 2.5, 7], "rotation": 270, "texture": "#base"},
				"south": {"uv": [1, 5, 2.5, 7], "rotation": 270, "texture": "#base"},
				"west": {"uv": [1, 5, 2.5, 7], "rotation": 270, "texture": "#base"},
				"up": {"uv": [2.5, 5, 4.5, 7], "rotation": 270, "texture": "#base"},
				"down": {"uv": [2.5, 5, 4.5, 7], "rotation": 90, "texture": "#base"}
			}
		},
		{
			"from": [14, 3, 14],
			"to": [16, 11, 16],
			"faces": {
				"north": {"uv": [0, 0, 1, 4], "texture": "#base"},
				"east": {"uv": [0, 0, 1, 4], "texture": "#base"},
				"south": {"uv": [0, 0, 1, 4], "texture": "#base"},
				"west": {"uv": [0, 0, 1, 4], "texture": "#base"},
				"up": {"uv": [0, 0, 1, 1], "rotation": 180, "texture": "#base"}
			}
		},
		{
			"from": [13, 0, -1],
			"to": [17, 3, 3],
			"faces": {
				"north": {"uv": [1, 5, 2.5, 7], "rotation": 270, "texture": "#base"},
				"east": {"uv": [1, 5, 2.5, 7], "rotation": 270, "texture": "#base"},
				"south": {"uv": [1, 5, 2.5, 7], "rotation": 270, "texture": "#base"},
				"west": {"uv": [1, 5, 2.5, 7], "rotation": 270, "texture": "#base"},
				"up": {"uv": [2.5, 5, 4.5, 7], "rotation": 180, "texture": "#base"},
				"down": {"uv": [2.5, 5, 4.5, 7], "rotation": 180, "texture": "#base"}
			}
		},
		{
			"from": [14, 3, 0],
			"to": [16, 11, 2],
			"faces": {
				"north": {"uv": [0, 0, 1, 4], "texture": "#base"},
				"east": {"uv": [0, 0, 1, 4], "texture": "#base"},
				"south": {"uv": [0, 0, 1, 4], "texture": "#base"},
				"west": {"uv": [0, 0, 1, 4], "texture": "#base"},
				"up": {"uv": [0, 0, 1, 1], "rotation": 90, "texture": "#base"}
			}
		},
		{
			"from": [-1, 0, -1],
			"to": [3, 3, 3],
			"faces": {
				"north": {"uv": [1, 5, 2.5, 7], "rotation": 270, "texture": "#base"},
				"east": {"uv": [1, 5, 2.5, 7], "rotation": 270, "texture": "#base"},
				"south": {"uv": [1, 5, 2.5, 7], "rotation": 270, "texture": "#base"},
				"west": {"uv": [1, 5, 2.5, 7], "rotation": 270, "texture": "#base"},
				"up": {"uv": [2.5, 5, 4.5, 7], "rotation": 90, "texture": "#base"},
				"down": {"uv": [2.5, 5, 4.5, 7], "rotation": 270, "texture": "#base"}
			}
		},
		{
			"from": [0, 3, 0],
			"to": [2, 11, 2],
			"faces": {
				"north": {"uv": [0, 0, 1, 4], "texture": "#base"},
				"east": {"uv": [0, 0, 1, 4], "texture": "#base"},
				"south": {"uv": [0, 0, 1, 4], "texture": "#base"},
				"west": {"uv": [0, 0, 1, 4], "texture": "#base"},
				"up": {"uv": [0, 0, 1, 1], "texture": "#base"}
			}
		},
		{
			"from": [4, 9, 4],
			"to": [12, 15, 12],
			"faces": {
				"north": {"uv": [0, 7.5, 4, 10.5], "texture": "#base"},
				"east": {"uv": [0, 7.5, 4, 10.5], "texture": "#base"},
				"south": {"uv": [0, 7.5, 4, 10.5], "texture": "#base"},
				"west": {"uv": [0, 7.5, 4, 10.5], "texture": "#base"},
				"up": {"uv": [7, 1, 11, 5], "texture": "#base"},
				"down": {"uv": [7, 1, 11, 5], "texture": "#base"}
			}
		},
		{
			"from": [7, 11, 0],
			"to": [9, 13, 5],
			"rotation": {"angle": 45, "axis": "y", "origin": [8, 8, 8], "rescale": true},
			"faces": {
				"north": {"uv": [0, 11.5, 1, 12.5], "texture": "#base"},
				"east": {"uv": [0, 11.5, 3.5, 12.5], "texture": "#base"},
				"west": {"uv": [0, 11.5, 3.5, 12.5], "texture": "#base"},
				"up": {"uv": [0, 10.5, 3.5, 12], "rotation": 90, "texture": "#base"},
				"down": {"uv": [0, 10.5, 3.5, 12], "rotation": 90, "texture": "#base"}
			}
		},
		{
			"from": [7, 11, 0],
			"to": [9, 13, 5],
			"rotation": {"angle": -45, "axis": "y", "origin": [8, 8, 8], "rescale": true},
			"faces": {
				"north": {"uv": [0, 11.5, 1, 12.5], "texture": "#base"},
				"east": {"uv": [0, 11.5, 3.5, 12.5], "texture": "#base"},
				"west": {"uv": [0, 11.5, 3.5, 12.5], "texture": "#base"},
				"up": {"uv": [0, 10.5, 3.5, 12], "rotation": 90, "texture": "#base"},
				"down": {"uv": [0, 10.5, 3.5, 12], "rotation": 90, "texture": "#base"}
			}
		},
		{
			"from": [11, 11, 7],
			"to": [16, 13, 9],
			"rotation": {"angle": -45, "axis": "y", "origin": [8, 8, 8], "rescale": true},
			"faces": {
				"north": {"uv": [0, 11.5, 3.5, 12.5], "texture": "#base"},
				"east": {"uv": [0, 11.5, 1, 12.5], "texture": "#base"},
				"south": {"uv": [0, 11.5, 3.5, 12.5], "texture": "#base"},
				"up": {"uv": [0, 10.5, 3.5, 12], "rotation": 180, "texture": "#base"},
				"down": {"uv": [0, 10.5, 3.5, 12], "texture": "#base"}
			}
		},
		{
			"from": [0, 11, 7],
			"to": [5, 13, 9],
			"rotation": {"angle": 45, "axis": "y", "origin": [8, 8, 8], "rescale": true},
			"faces": {
				"north": {"uv": [0, 11.5, 3.5, 12.5], "texture": "#base"},
				"south": {"uv": [0, 11.5, 3.5, 12.5], "texture": "#base"},
				"west": {"uv": [0, 11.5, 1, 12.5], "texture": "#base"},
				"up": {"uv": [0, 10.5, 3.5, 12], "texture": "#base"},
				"down": {"uv": [0, 10.5, 3.5, 12], "rotation": 180, "texture": "#base"}
			}
		}
	]
}