{
	"parent": "block/block",
	"textures": {
		"base": "inf:machine/drill/level_1/base"
	},
	"elements": [
		{
			"from": [6, 6, 6],
			"to": [10, 18, 10],
			"rotation": {"angle": 0, "axis": "y", "origin": [8, 12, 8]},
			"faces": {
				"north": {"uv": [0, 14, 7.5, 16], "rotation": 90, "texture": "#base"},
				"east": {"uv": [0, 14, 6, 16], "rotation": 90, "texture": "#base"},
				"south": {"uv": [0, 14, 7.5, 16], "rotation": 90, "texture": "#base"},
				"west": {"uv": [0, 14, 7.5, 16], "rotation": 90, "texture": "#base"},
				"up": {"uv": [4.5, 5, 6.5, 7], "texture": "#base"},
				"down": {"uv": [4.5, 5, 6.5, 7], "texture": "#base"}
			}
		},
		{
			"from": [3, 4, 3],
			"to": [13, 6, 13],
			"rotation": {"angle": 0, "axis": "y", "origin": [8, 12, 8]},
			"faces": {
				"north": {"uv": [7.5, 5, 9.5, 6], "texture": "#base"},
				"east": {"uv": [7.5, 5, 9.5, 6], "texture": "#base"},
				"south": {"uv": [7.5, 5, 9.5, 6], "texture": "#base"},
				"west": {"uv": [6.5, 5, 11.5, 6], "texture": "#base"},
				"up": {"uv": [11, 11, 16, 16], "texture": "#base"},
				"down": {"uv": [11, 11, 16, 16], "texture": "#base"}
			}
		},
		{
			"from": [3.5, 2, 3.5],
			"to": [12.5, 4, 12.5],
			"rotation": {"angle": 45, "axis": "y", "origin": [8, 12, 8]},
			"faces": {
				"north": {"uv": [6.5, 6, 11, 7], "texture": "#base"},
				"east": {"uv": [6.5, 6, 11, 7], "texture": "#base"},
				"south": {"uv": [6.5, 6, 11, 7], "texture": "#base"},
				"west": {"uv": [6.5, 6, 11, 7], "texture": "#base"},
				"up": {"uv": [11.5, 6.5, 16, 11], "texture": "#base"},
				"down": {"uv": [11.5, 6.5, 16, 11], "texture": "#base"}
			}
		},
		{
			"from": [4, 0, 4],
			"to": [12, 2, 12],
			"rotation": {"angle": 0, "axis": "y", "origin": [8, 12, 8]},
			"faces": {
				"north": {"uv": [7.5, 5, 9.5, 6], "texture": "#base"},
				"east": {"uv": [7.5, 5, 9.5, 6], "texture": "#base"},
				"south": {"uv": [7.5, 5, 9.5, 6], "texture": "#base"},
				"west": {"uv": [7, 5, 11, 6], "texture": "#base"},
				"up": {"uv": [12, 2.5, 16, 6.5], "rotation": 90, "texture": "#base"},
				"down": {"uv": [12, 2.5, 16, 6.5], "rotation": 90, "texture": "#base"}
			}
		},
		{
			"from": [4.5, -2, 4.5],
			"to": [11.5, 0, 11.5],
			"rotation": {"angle": 45, "axis": "y", "origin": [8, 12, 8]},
			"faces": {
				"north": {"uv": [6.5, 6, 10, 7], "texture": "#base"},
				"east": {"uv": [6.5, 6, 10, 7], "texture": "#base"},
				"south": {"uv": [6.5, 6, 10, 7], "texture": "#base"},
				"west": {"uv": [6.5, 6, 10, 7], "texture": "#base"},
				"up": {"uv": [7.5, 12.5, 11, 16], "rotation": 270, "texture": "#base"},
				"down": {"uv": [7.5, 12.5, 11, 16], "rotation": 90, "texture": "#base"}
			}
		},
		{
			"from": [5, -4, 5],
			"to": [11, -2, 11],
			"rotation": {"angle": 0, "axis": "y", "origin": [8, 12, 8]},
			"faces": {
				"north": {"uv": [7.5, 5, 9.5, 6], "texture": "#base"},
				"east": {"uv": [7.5, 5, 9.5, 6], "texture": "#base"},
				"south": {"uv": [7.5, 5, 9.5, 6], "texture": "#base"},
				"west": {"uv": [7.5, 5, 10.5, 6], "texture": "#base"},
				"up": {"uv": [8, 9.5, 11, 12.5], "rotation": 180, "texture": "#base"},
				"down": {"uv": [8, 9.5, 11, 12.5], "rotation": 180, "texture": "#base"}
			}
		},
		{
			"from": [5.5, -6, 5.5],
			"to": [10.5, -4, 10.5],
			"rotation": {"angle": -45, "axis": "y", "origin": [8, 12, 8]},
			"faces": {
				"north": {"uv": [7, 6, 9.5, 7], "texture": "#base"},
				"east": {"uv": [7, 6, 9.5, 7], "texture": "#base"},
				"south": {"uv": [7, 6, 9.5, 7], "texture": "#base"},
				"west": {"uv": [7, 6, 9.5, 7], "texture": "#base"},
				"up": {"uv": [8.5, 7, 11, 9.5], "rotation": 180, "texture": "#base"},
				"down": {"uv": [8.5, 7, 11, 9.5], "rotation": 180, "texture": "#base"}
			}
		},
		{
			"from": [6, -8, 6],
			"to": [10, -6, 10],
			"rotation": {"angle": 0, "axis": "y", "origin": [8, 12, 8]},
			"faces": {
				"north": {"uv": [7.5, 5, 9.5, 6], "texture": "#base"},
				"east": {"uv": [7.5, 5, 9.5, 6], "texture": "#base"},
				"south": {"uv": [7.5, 5, 9.5, 6], "texture": "#base"},
				"west": {"uv": [7.5, 5, 9.5, 6], "texture": "#base"},
				"up": {"uv": [14, 0.5, 16, 2.5], "rotation": 270, "texture": "#base"},
				"down": {"uv": [14, 0.5, 16, 2.5], "rotation": 90, "texture": "#base"}
			}
		},
		{
			"from": [6.5, -10, 6.5],
			"to": [9.5, -8, 9.5],
			"rotation": {"angle": -45, "axis": "y", "origin": [8, 12, 8]},
			"faces": {
				"north": {"uv": [8, 6, 9.5, 7], "texture": "#base"},
				"east": {"uv": [8, 6, 9.5, 7], "texture": "#base"},
				"south": {"uv": [8, 6, 9.5, 7], "texture": "#base"},
				"west": {"uv": [8, 6, 9.5, 7], "texture": "#base"},
				"up": {"uv": [12.5, 1, 14, 2.5], "rotation": 270, "texture": "#base"},
				"down": {"uv": [12.5, 1, 14, 2.5], "rotation": 90, "texture": "#base"}
			}
		},
		{
			"from": [7, -12, 7],
			"to": [9, -10, 9],
			"rotation": {"angle": 0, "axis": "y", "origin": [8, 12, 8]},
			"faces": {
				"north": {"uv": [8.5, 5, 9.5, 6], "texture": "#base"},
				"east": {"uv": [8.5, 5, 9.5, 6], "texture": "#base"},
				"south": {"uv": [8.5, 5, 9.5, 6], "texture": "#base"},
				"west": {"uv": [8.5, 5, 9.5, 6], "texture": "#base"},
				"up": {"uv": [13, 0, 14, 1], "texture": "#base"},
				"down": {"uv": [13, 0, 14, 1], "texture": "#base"}
			}
		}
	],
	"display": {
		"head": {
			"translation": [0, -16, 0],
			"scale": [2.3, 2.3, 2.3]
		}
	}
}