{
	"parent": "block/block",
	"textures": {
		"button": "inf:machine/panel/cable",
		"gate_base": "inf:machine/gate/base",
		"particle": "block/smooth_stone",
		"face": "block/smooth_stone",
		"panel_base": "inf:machine/panel/transmitter"
	},
	"elements": [
		{
			"from": [0, 0, 0],
			"to": [16, 3, 16],
			"faces": {
				"north": {"uv": [0, 6.5, 8, 8], "texture": "#gate_base", "cullface": "north"},
				"east": {"uv": [0, 6.5, 8, 8], "texture": "#gate_base", "cullface": "east"},
				"south": {"uv": [0, 6.5, 8, 8], "texture": "#gate_base", "cullface": "south"},
				"west": {"uv": [0, 6.5, 8, 8], "texture": "#gate_base", "cullface": "west"},
				"up": {"uv": [0, 0, 16, 16], "texture": "#face"},
				"down": {"uv": [0, 0, 16, 16], "texture": "#face", "cullface": "down"}
			}
		},
		{
			"name": "top",
			"from": [0, 13, 0],
			"to": [16, 16, 16],
			"faces": {
				"north": {"uv": [0, 13, 8, 14.5], "texture": "#gate_base", "cullface": "north"},
				"east": {"uv": [0, 0, 8, 1.5], "texture": "#gate_base", "cullface": "east"},
				"south": {"uv": [0, 14.5, 8, 16], "texture": "#gate_base", "cullface": "south"},
				"west": {"uv": [0, 0, 8, 1.5], "texture": "#gate_base", "cullface": "west"},
				"up": {"uv": [0, 0, 16, 16], "texture": "#plate", "cullface": "up"},
				"down": {"uv": [0, 0, 16, 16], "texture": "#face"}
			}
		},
		{
			"from": [0, 3, 0],
			"to": [2, 13, 2],
			"faces": {
				"north": {"uv": [7, 1.5, 8, 6.5], "texture": "#gate_base", "cullface": "north"},
				"east": {"uv": [7, 1.5, 8, 6.5], "texture": "#gate_base", "cullface": "north"},
				"south": {"uv": [7, 1.5, 8, 6.5], "texture": "#gate_base", "cullface": "west"},
				"west": {"uv": [7, 1.5, 8, 6.5], "texture": "#gate_base", "cullface": "west"}
			}
		},
		{
			"from": [14, 3, 0],
			"to": [16, 13, 2],
			"faces": {
				"north": {"uv": [7, 1.5, 8, 6.5], "texture": "#gate_base", "cullface": "north"},
				"east": {"uv": [7, 1.5, 8, 6.5], "texture": "#gate_base", "cullface": "east"},
				"south": {"uv": [7, 1.5, 8, 6.5], "texture": "#gate_base", "cullface": "east"},
				"west": {"uv": [7, 1.5, 8, 6.5], "texture": "#gate_base", "cullface": "north"}
			}
		},
		{
			"from": [14, 3, 14],
			"to": [16, 13, 16],
			"faces": {
				"north": {"uv": [7, 1.5, 8, 6.5], "texture": "#gate_base", "cullface": "east"},
				"east": {"uv": [7, 1.5, 8, 6.5], "texture": "#gate_base", "cullface": "east"},
				"south": {"uv": [7, 1.5, 8, 6.5], "texture": "#gate_base", "cullface": "south"},
				"west": {"uv": [7, 1.5, 8, 6.5], "texture": "#gate_base", "cullface": "south"}
			}
		},
		{
			"from": [0, 3, 14],
			"to": [2, 13, 16],
			"faces": {
				"north": {"uv": [7, 1.5, 8, 6.5], "texture": "#gate_base", "cullface": "west"},
				"east": {"uv": [7, 1.5, 8, 6.5], "texture": "#gate_base", "cullface": "south"},
				"south": {"uv": [7, 1.5, 8, 6.5], "texture": "#gate_base", "cullface": "south"},
				"west": {"uv": [7, 1.5, 8, 6.5], "texture": "#gate_base", "cullface": "west"}
			}
		},
		{
			"from": [1, 3, 1],
			"to": [4, 13, 15],
			"faces": {
				"east": {"uv": [9, 0, 16, 5], "texture": "#gate_base", "cullface": "south"},
				"south": {"uv": [0, 8, 1.5, 13], "texture": "#gate_base", "cullface": "south"},
				"west": {"uv": [0, 1.5, 7, 6.5], "texture": "#gate_base", "cullface": "west"}
			}
		},
		{
			"from": [12, 3, 1],
			"to": [15, 13, 15],
			"faces": {
				"east": {"uv": [0, 1.5, 7, 6.5], "texture": "#gate_base", "cullface": "east"},
				"south": {"uv": [0, 8, 1.5, 13], "texture": "#gate_base", "cullface": "south"},
				"west": {"uv": [9, 0, 16, 5], "texture": "#gate_base", "cullface": "south"}
			}
		},
		{
			"from": [1, 3, 1],
			"to": [15, 13, 12],
			"faces": {
				"north": {"uv": [9, 5, 16, 10], "texture": "#gate_base", "cullface": "north"},
				"south": {"uv": [0.5, 8, 7.5, 13], "texture": "#gate_base", "cullface": "south"}
			}
		},
		{
			"from": [5.1, 5.1, -2],
			"to": [10.9, 10.9, 2],
			"faces": {
				"north": {"uv": [11, 11, 14, 14], "texture": "#gate_base", "cullface": "north"},
				"east": {"uv": [14, 11, 16, 14], "texture": "#gate_base", "cullface": "north"},
				"west": {"uv": [9, 11, 11, 14], "texture": "#gate_base", "cullface": "north"},
				"up": {"uv": [11, 14, 14, 16], "texture": "#gate_base", "cullface": "north"},
				"down": {"uv": [11, 14, 14, 16], "texture": "#gate_base", "cullface": "north"}
			}
		},
		{
			"name": "+button",
			"from": [15, 8, 4],
			"to": [16, 11, 7],
			"faces": {
				"north": {"uv": [4, 1, 5, 4], "texture": "#button", "cullface": "west"},
				"east": {"uv": [1, 1, 4, 4], "texture": "#button", "cullface": "west"},
				"south": {"uv": [0, 1, 1, 4], "texture": "#button", "cullface": "west"},
				"up": {"uv": [1, 0, 4, 1], "texture": "#button", "cullface": "west"},
				"down": {"uv": [1, 4, 4, 5], "texture": "#button", "cullface": "west"}
			}
		},
		{
			"name": "-button",
			"from": [15, 4, 4],
			"to": [16, 7, 7],
			"faces": {
				"north": {"uv": [15, 11, 16, 14], "texture": "#button", "cullface": "west"},
				"east": {"uv": [12, 11, 15, 14], "texture": "#button", "cullface": "west"},
				"south": {"uv": [11, 11, 12, 14], "texture": "#button", "cullface": "west"},
				"up": {"uv": [12, 10, 15, 11], "texture": "#button", "cullface": "west"},
				"down": {"uv": [12, 14, 15, 15], "texture": "#button", "cullface": "west"}
			}
		},
		{
			"name": "screen",
			"from": [15, 4, 8],
			"to": [16, 11, 12],
			"faces": {
				"north": {"uv": [2, 10, 9, 11], "rotation": 270, "texture": "#panel_base", "cullface": "west"},
				"east": {"uv": [2, 11, 9, 15], "rotation": 270, "texture": "#panel_base", "cullface": "west"},
				"south": {"uv": [2, 15, 9, 16], "rotation": 270, "texture": "#panel_base", "cullface": "west"},
				"up": {"uv": [9, 11, 10, 15], "rotation": 270, "texture": "#panel_base", "cullface": "west"},
				"down": {"uv": [1, 11, 2, 15], "rotation": 270, "texture": "#panel_base", "cullface": "west"}
			}
		}
	],
	"display": {}
}