{
	"parent": "block/block",
	"textures": {
		"gate_base": "inf:machine/gate/base",
		"display": "inf:machine/gate/display",
		"particle": "block/smooth_stone",
		"face": "block/smooth_stone"
	},
	"elements": [
		{
			"name": "+button",
			"from": [11, 9, 15],
			"to": [14, 12, 16],
			"faces": {
				"north": {"uv": [0, 0, 0, 0], "texture": "#display"},
				"east": {"uv": [4, 10, 5, 13], "texture": "#display", "cullface": "west"},
				"south": {"uv": [1, 10, 4, 13], "texture": "#display", "cullface": "west"},
				"west": {"uv": [0, 10, 1, 13], "texture": "#display", "cullface": "west"},
				"up": {"uv": [1, 9, 4, 10], "rotation": 90, "texture": "#display", "cullface": "west"},
				"down": {"uv": [1, 13, 4, 14], "rotation": 270, "texture": "#display", "cullface": "west"}
			}
		},
		{
			"name": "-button",
			"from": [11, 5, 15],
			"to": [14, 8, 16],
			"faces": {
				"north": {"uv": [0, 0, 0, 0], "texture": "#display"},
				"east": {"uv": [9, 10, 10, 13], "texture": "#display", "cullface": "west"},
				"south": {"uv": [6, 10, 9, 13], "texture": "#display", "cullface": "west"},
				"west": {"uv": [5, 10, 6, 13], "texture": "#display", "cullface": "west"},
				"up": {"uv": [6, 9, 9, 10], "rotation": 90, "texture": "#display", "cullface": "west"},
				"down": {"uv": [6, 13, 9, 14], "rotation": 270, "texture": "#display", "cullface": "west"}
			}
		},
		{
			"name": "screen",
			"from": [2, 5, 15],
			"to": [10, 12, 16],
			"faces": {
				"north": {"uv": [0, 0, 0, 0], "texture": "#display"},
				"east": {"uv": [9, 1, 10, 8], "texture": "#display", "cullface": "west"},
				"south": {"uv": [1, 1, 9, 8], "texture": "#display", "cullface": "west"},
				"west": {"uv": [0, 1, 1, 8], "texture": "#display", "cullface": "west"},
				"up": {"uv": [1, 0, 9, 1], "rotation": 180, "texture": "#display", "cullface": "west"},
				"down": {"uv": [1, 8, 9, 9], "texture": "#display", "cullface": "west"}
			}
		},
		{
			"from": [0, 0, 0],
			"to": [16, 3, 16],
			"faces": {
				"north": {"uv": [0, 6.5, 8, 8], "texture": "#gate_base", "cullface": "north"},
				"east": {"uv": [0, 6.5, 8, 8], "texture": "#gate_base", "cullface": "east"},
				"south": {"uv": [0, 6.5, 8, 8], "texture": "#gate_base", "cullface": "south"},
				"west": {"uv": [0, 6.5, 8, 8], "texture": "#gate_base", "cullface": "west"},
				"up": {"uv": [0, 0, 16, 16], "texture": "#face"},
				"down": {"uv": [0, 0, 16, 16], "texture": "#face", "cullface": "down"}
			}
		},
		{
			"name": "top",
			"from": [0, 13, 0],
			"to": [16, 16, 16],
			"faces": {
				"north": {"uv": [0, 13, 8, 14.5], "texture": "#gate_base", "cullface": "north"},
				"east": {"uv": [0, 14.5, 8, 16], "texture": "#gate_base", "cullface": "east"},
				"south": {"uv": [0, 0, 8, 1.5], "texture": "#gate_base", "cullface": "south"},
				"west": {"uv": [0, 14.5, 8, 16], "texture": "#gate_base", "cullface": "west"},
				"up": {"uv": [0, 0, 16, 16], "texture": "#plate", "cullface": "up"},
				"down": {"uv": [0, 0, 16, 16], "texture": "#face"}
			}
		},
		{
			"from": [0, 3, 0],
			"to": [2, 13, 2],
			"faces": {
				"north": {"uv": [7, 1.5, 8, 6.5], "texture": "#gate_base", "cullface": "north"},
				"east": {"uv": [7, 1.5, 8, 6.5], "texture": "#gate_base", "cullface": "north"},
				"south": {"uv": [7, 1.5, 8, 6.5], "texture": "#gate_base", "cullface": "west"},
				"west": {"uv": [7, 1.5, 8, 6.5], "texture": "#gate_base", "cullface": "west"}
			}
		},
		{
			"from": [14, 3, 0],
			"to": [16, 13, 2],
			"faces": {
				"north": {"uv": [7, 1.5, 8, 6.5], "texture": "#gate_base", "cullface": "north"},
				"east": {"uv": [7, 1.5, 8, 6.5], "texture": "#gate_base", "cullface": "east"},
				"south": {"uv": [7, 1.5, 8, 6.5], "texture": "#gate_base", "cullface": "east"},
				"west": {"uv": [7, 1.5, 8, 6.5], "texture": "#gate_base", "cullface": "north"}
			}
		},
		{
			"from": [14, 3, 14],
			"to": [16, 13, 16],
			"faces": {
				"north": {"uv": [7, 1.5, 8, 6.5], "texture": "#gate_base", "cullface": "east"},
				"east": {"uv": [7, 1.5, 8, 6.5], "texture": "#gate_base", "cullface": "east"},
				"south": {"uv": [7, 1.5, 8, 6.5], "texture": "#gate_base", "cullface": "south"},
				"west": {"uv": [7, 1.5, 8, 6.5], "texture": "#gate_base", "cullface": "south"}
			}
		},
		{
			"from": [0, 3, 14],
			"to": [2, 13, 16],
			"faces": {
				"north": {"uv": [7, 1.5, 8, 6.5], "texture": "#gate_base", "cullface": "west"},
				"east": {"uv": [7, 1.5, 8, 6.5], "texture": "#gate_base", "cullface": "south"},
				"south": {"uv": [7, 1.5, 8, 6.5], "texture": "#gate_base", "cullface": "south"},
				"west": {"uv": [7, 1.5, 8, 6.5], "texture": "#gate_base", "cullface": "west"}
			}
		},
		{
			"from": [1, 3, 12],
			"to": [15, 13, 15],
			"faces": {
				"north": {"uv": [9, 0, 16, 5], "texture": "#gate_base"},
				"east": {"uv": [0, 8, 1.5, 13], "texture": "#gate_base", "cullface": "east"},
				"south": {"uv": [0, 1.5, 7, 6.5], "texture": "#gate_base", "cullface": "south"},
				"west": {"uv": [0, 8, 1.5, 13], "texture": "#gate_base", "cullface": "west"}
			}
		},
		{
			"from": [1, 3, 1],
			"to": [15, 13, 4],
			"faces": {
				"north": {"uv": [9, 5, 16, 10], "texture": "#gate_base", "cullface": "north"},
				"east": {"uv": [0, 8, 1.5, 13], "texture": "#gate_base", "cullface": "east"},
				"south": {"uv": [9, 0, 16, 5], "texture": "#gate_base"},
				"west": {"uv": [0, 8, 1.5, 13], "texture": "#gate_base", "cullface": "west"}
			}
		},
		{
			"from": [5.1, 5.1, -2],
			"to": [10.9, 10.9, 2],
			"faces": {
				"north": {"uv": [11, 11, 14, 14], "texture": "#gate_base", "cullface": "north"},
				"east": {"uv": [14, 11, 16, 14], "texture": "#gate_base", "cullface": "north"},
				"west": {"uv": [9, 11, 11, 14], "texture": "#gate_base", "cullface": "north"},
				"up": {"uv": [11, 14, 14, 16], "rotation": 180, "texture": "#gate_base", "cullface": "north"},
				"down": {"uv": [11, 14, 14, 16], "texture": "#gate_base", "cullface": "north"}
			}
		},
		{
			"from": [4, 3, 4],
			"to": [12, 13, 12],
			"faces": {
				"east": {"uv": [2, 8, 6, 13], "texture": "#gate_base", "cullface": "east"},
				"west": {"uv": [2, 8, 6, 13], "texture": "#gate_base", "cullface": "west"}
			}
		}
	]
}