{
	"parent": "block/block",
	"textures": {
		"side": "inf:machine/gate/lamp/side",
		"top": "inf:machine/gate/lamp/top",
		"base": "inf:machine/gate/base",
		"particle": "block/smooth_stone",
		"face": "block/smooth_stone"
	},
	"elements": [
		{
			"from": [0, 0, 0],
			"to": [16, 3, 16],
			"faces": {
				"north": {"uv": [0, 6.5, 8, 8], "texture": "#base", "cullface": "north"},
				"east": {"uv": [0, 6.5, 8, 8], "texture": "#base", "cullface": "east"},
				"south": {"uv": [0, 6.5, 8, 8], "texture": "#base", "cullface": "south"},
				"west": {"uv": [0, 6.5, 8, 8], "texture": "#base", "cullface": "west"},
				"up": {"uv": [0, 0, 16, 16], "texture": "#face"},
				"down": {"uv": [0, 0, 16, 16], "texture": "#face", "cullface": "down"}
			}
		},
		{
			"name": "top",
			"from": [0, 13, 14],
			"to": [16, 16, 16],
			"faces": {
				"north": {"uv": [0, 0, 8, 1.5], "texture": "#base", "cullface": "up"},
				"east": {"uv": [0, 0, 1, 1.5], "texture": "#base", "cullface": "east"},
				"south": {"uv": [0, 0, 8, 1.5], "texture": "#base", "cullface": "south"},
				"west": {"uv": [7, 0, 8, 1.5], "texture": "#base", "cullface": "west"},
				"up": {"uv": [0, 0, 8, 1], "rotation": 180, "texture": "#base", "cullface": "up"},
				"down": {"uv": [0, 0, 8, 1], "texture": "#base", "cullface": "south"}
			}
		},
		{
			"name": "top",
			"from": [0, 13, 0],
			"to": [16, 16, 2],
			"faces": {
				"north": {"uv": [0, 0, 8, 1.5], "texture": "#base", "cullface": "north"},
				"east": {"uv": [7, 0, 8, 1.5], "texture": "#base", "cullface": "east"},
				"south": {"uv": [0, 0, 8, 1.5], "texture": "#base", "cullface": "up"},
				"west": {"uv": [0, 0, 1, 1.5], "texture": "#base", "cullface": "west"},
				"up": {"uv": [0, 0, 8, 1], "texture": "#base", "cullface": "up"},
				"down": {"uv": [0, 0.5, 8, 1.5], "texture": "#base", "cullface": "north"}
			}
		},
		{
			"from": [0, 3, 0],
			"to": [2, 13, 2],
			"faces": {
				"north": {"uv": [7, 1.5, 8, 6.5], "texture": "#base", "cullface": "north"},
				"east": {"uv": [7, 1.5, 8, 6.5], "texture": "#base", "cullface": "north"},
				"south": {"uv": [7, 1.5, 8, 6.5], "texture": "#base", "cullface": "west"},
				"west": {"uv": [7, 1.5, 8, 6.5], "texture": "#base", "cullface": "west"}
			}
		},
		{
			"from": [14, 3, 0],
			"to": [16, 13, 2],
			"faces": {
				"north": {"uv": [7, 1.5, 8, 6.5], "texture": "#base", "cullface": "north"},
				"east": {"uv": [7, 1.5, 8, 6.5], "texture": "#base", "cullface": "east"},
				"south": {"uv": [7, 1.5, 8, 6.5], "texture": "#base", "cullface": "east"},
				"west": {"uv": [7, 1.5, 8, 6.5], "texture": "#base", "cullface": "north"}
			}
		},
		{
			"from": [14, 3, 14],
			"to": [16, 13, 16],
			"faces": {
				"north": {"uv": [7, 1.5, 8, 6.5], "texture": "#base", "cullface": "east"},
				"east": {"uv": [7, 1.5, 8, 6.5], "texture": "#base", "cullface": "east"},
				"south": {"uv": [7, 1.5, 8, 6.5], "texture": "#base", "cullface": "south"},
				"west": {"uv": [7, 1.5, 8, 6.5], "texture": "#base", "cullface": "south"}
			}
		},
		{
			"from": [0, 3, 14],
			"to": [2, 13, 16],
			"faces": {
				"north": {"uv": [7, 1.5, 8, 6.5], "texture": "#base", "cullface": "west"},
				"east": {"uv": [7, 1.5, 8, 6.5], "texture": "#base", "cullface": "south"},
				"south": {"uv": [7, 1.5, 8, 6.5], "texture": "#base", "cullface": "south"},
				"west": {"uv": [7, 1.5, 8, 6.5], "texture": "#base", "cullface": "west"}
			}
		},
		{
			"from": [1, 3, 1],
			"to": [15, 15, 15],
			"faces": {
				"north": {"uv": [0, 0, 14, 12], "texture": "#side", "cullface": "north"},
				"east": {"uv": [0, 0, 14, 12], "texture": "#side", "cullface": "east"},
				"south": {"uv": [0, 0, 14, 12], "texture": "#side", "cullface": "south"},
				"west": {"uv": [0, 0, 14, 12], "texture": "#side", "cullface": "west"},
				"up": {"uv": [0, 0, 14, 14], "texture": "#top", "cullface": "up"},
				"down": {"uv": [0, 0, 0, 0], "texture": "#side"}
			}
		},
		{
			"from": [0, 13, 2],
			"to": [2, 16, 14],
			"faces": {
				"north": {"uv": [0, 0, 2, 3], "texture": "#base"},
				"east": {"uv": [1, 0, 7, 1.5], "texture": "#base", "cullface": "up"},
				"south": {"uv": [0, 0, 2, 3], "texture": "#base"},
				"west": {"uv": [1, 0, 7, 1.5], "texture": "#base", "cullface": "west"},
				"up": {"uv": [1, 0, 7, 1], "rotation": 270, "texture": "#base", "cullface": "up"},
				"down": {"uv": [1, 0.5, 7, 1.5], "rotation": 90, "texture": "#base", "cullface": "west"}
			}
		},
		{
			"from": [14, 13, 2],
			"to": [16, 16, 14],
			"faces": {
				"north": {"uv": [0, 0, 2, 3], "texture": "#base"},
				"east": {"uv": [1, 0, 7, 1.5], "texture": "#base", "cullface": "east"},
				"south": {"uv": [0, 0, 2, 3], "texture": "#base"},
				"west": {"uv": [1, 0, 7, 1.5], "texture": "#base", "cullface": "up"},
				"up": {"uv": [1, 0, 7, 1], "rotation": 90, "texture": "#base", "cullface": "up"},
				"down": {"uv": [1, 0, 7, 1], "rotation": 90, "texture": "#base", "cullface": "east"}
			}
		}
	]
}