{
	"parent": "block/block",
	"textures": {
		"base": "inf:machine/gate/base",
		"particle": "block/smooth_stone",
		"face": "block/smooth_stone"
	},
	"elements": [
		{
			"from": [0, 0, 0],
			"to": [16, 3, 16],
			"faces": {
				"north": {"uv": [0, 6.5, 8, 8], "texture": "#base", "cullface": "north"},
				"east": {"uv": [0, 6.5, 8, 8], "texture": "#base", "cullface": "east"},
				"south": {"uv": [0, 6.5, 8, 8], "texture": "#base", "cullface": "south"},
				"west": {"uv": [0, 6.5, 8, 8], "texture": "#base", "cullface": "west"},
				"up": {"uv": [0, 0, 16, 16], "texture": "#face"},
				"down": {"uv": [0, 0, 16, 16], "texture": "#face", "cullface": "down"}
			}
		},
		{
			"name": "top",
			"from": [0, 13, 0],
			"to": [16, 16, 16],
			"faces": {
				"north": {"uv": [0, 0, 8, 1.5], "texture": "#base", "cullface": "north"},
				"east": {"uv": [0, 0, 8, 1.5], "texture": "#base", "cullface": "east"},
				"south": {"uv": [0, 0, 8, 1.5], "texture": "#base", "cullface": "south"},
				"west": {"uv": [0, 0, 8, 1.5], "texture": "#base", "cullface": "west"},
				"up": {"uv": [0, 0, 16, 16], "texture": "#face", "cullface": "up"},
				"down": {"uv": [0, 0, 16, 16], "texture": "#face"}
			}
		},
		{
			"from": [0, 3, 0],
			"to": [2, 13, 2],
			"faces": {
				"north": {"uv": [7, 1.5, 8, 6.5], "texture": "#base", "cullface": "north"},
				"east": {"uv": [7, 1.5, 8, 6.5], "texture": "#base", "cullface": "north"},
				"south": {"uv": [7, 1.5, 8, 6.5], "texture": "#base", "cullface": "west"},
				"west": {"uv": [7, 1.5, 8, 6.5], "texture": "#base", "cullface": "west"}
			}
		},
		{
			"from": [14, 3, 0],
			"to": [16, 13, 2],
			"faces": {
				"north": {"uv": [7, 1.5, 8, 6.5], "texture": "#base", "cullface": "north"},
				"east": {"uv": [7, 1.5, 8, 6.5], "texture": "#base", "cullface": "east"},
				"south": {"uv": [7, 1.5, 8, 6.5], "texture": "#base", "cullface": "east"},
				"west": {"uv": [7, 1.5, 8, 6.5], "texture": "#base", "cullface": "north"}
			}
		},
		{
			"from": [14, 3, 14],
			"to": [16, 13, 16],
			"faces": {
				"north": {"uv": [7, 1.5, 8, 6.5], "texture": "#base", "cullface": "east"},
				"east": {"uv": [7, 1.5, 8, 6.5], "texture": "#base", "cullface": "east"},
				"south": {"uv": [7, 1.5, 8, 6.5], "texture": "#base", "cullface": "south"},
				"west": {"uv": [7, 1.5, 8, 6.5], "texture": "#base", "cullface": "south"}
			}
		},
		{
			"from": [0, 3, 14],
			"to": [2, 13, 16],
			"faces": {
				"north": {"uv": [7, 1.5, 8, 6.5], "texture": "#base", "cullface": "west"},
				"east": {"uv": [7, 1.5, 8, 6.5], "texture": "#base", "cullface": "south"},
				"south": {"uv": [7, 1.5, 8, 6.5], "texture": "#base", "cullface": "south"},
				"west": {"uv": [7, 1.5, 8, 6.5], "texture": "#base", "cullface": "west"}
			}
		},
		{
			"from": [1, 3, 1],
			"to": [15, 13, 15],
			"faces": {
				"north": {"uv": [0, 1.5, 7, 6.5], "texture": "#base", "cullface": "north"},
				"east": {"uv": [0, 1.5, 7, 6.5], "texture": "#base", "cullface": "east"},
				"south": {"uv": [0, 1.5, 7, 6.5], "texture": "#base", "cullface": "south"},
				"west": {"uv": [0, 1.5, 7, 6.5], "texture": "#base", "cullface": "west"}
			}
		}
	]
}