{
	"parent": "block/block",
	"textures": {
		"belt": "inf:machine/elevator/belt",
		"base": "inf:machine/elevator/base",
		"particle": "block/observer_side"
	},
	"elements": [
		{
			"from": [0, 0, -0.01],
			"to": [2, 16, 1.01],
			"faces": {
				"north": {"uv": [13, 0, 14, 8], "texture": "#base", "cullface": "north"},
				"east": {"uv": [15.5, 0, 16, 8], "texture": "#base"},
				"south": {"uv": [13, 0, 14, 8], "texture": "#base"},
				"west": {"uv": [11, 0, 11.5, 8], "texture": "#base", "cullface": "west"},
				"up": {"uv": [9, 0, 10, 0.5], "texture": "#base", "cullface": "up"},
				"down": {"uv": [9, 1.5, 10, 2], "rotation": 180, "texture": "#base", "cullface": "down"}
			}
		},
		{
			"from": [2, 0, 1],
			"to": [14, 16, 3],
			"faces": {
				"north": {"uv": [10, 8, 16, 16], "texture": "#base"},
				"east": {"uv": [2.5, 0, 3.5, 8], "texture": "#base"},
				"south": {"uv": [0, 0, 6, 8], "texture": "#base"},
				"west": {"uv": [2.5, 0, 3.5, 8], "texture": "#base"},
				"up": {"uv": [0, 7.5, 6, 8.5], "rotation": 180, "texture": "#base", "cullface": "up"},
				"down": {"uv": [0, 7.5, 6, 8.5], "texture": "#base", "cullface": "down"}
			}
		},
		{
			"from": [3, 0, 3],
			"to": [5, 16, 4],
			"faces": {
				"east": {"uv": [1, 0, 1.5, 8], "texture": "#base"},
				"south": {"uv": [0.5, 0, 1.5, 8], "texture": "#base"},
				"west": {"uv": [0.5, 0, 1, 8], "texture": "#base"},
				"up": {"uv": [0.5, 0, 1.5, 0.5], "texture": "#base", "cullface": "up"},
				"down": {"uv": [0.5, 7.5, 1.5, 8], "texture": "#base", "cullface": "down"}
			}
		},
		{
			"from": [11, 0, 3],
			"to": [13, 16, 4],
			"faces": {
				"east": {"uv": [5, 0, 5.5, 8], "texture": "#base"},
				"south": {"uv": [4.5, 0, 5.5, 8], "texture": "#base"},
				"west": {"uv": [4.5, 0, 5, 8], "texture": "#base"},
				"up": {"uv": [4.5, 0, 5.5, 0.5], "texture": "#base", "cullface": "up"},
				"down": {"uv": [4.5, 7.5, 5.5, 8], "texture": "#base", "cullface": "down"}
			}
		},
		{
			"from": [6, 0, 3],
			"to": [10, 16, 4],
			"faces": {
				"east": {"uv": [7, 0, 8, 16], "texture": "#belt"},
				"south": {"uv": [2, 0, 6, 16], "texture": "#belt"},
				"west": {"uv": [0, 0, 1, 16], "texture": "#belt"},
				"up": {"uv": [2, 15, 6, 16], "texture": "#belt", "cullface": "up"},
				"down": {"uv": [2, 0, 6, 1], "texture": "#belt", "cullface": "down"}
			}
		},
		{
			"from": [6, 16, -0.01],
			"to": [10, 17, 3],
			"faces": {
				"north": {"uv": [2, 12, 6, 13], "texture": "#belt", "cullface": "up"},
				"east": {"uv": [7, 12, 8, 15], "rotation": 90, "texture": "#belt", "cullface": "up"},
				"south": {"uv": [2, 15, 6, 16], "texture": "#belt", "cullface": "up"},
				"west": {"uv": [0, 12, 1, 15], "rotation": 270, "texture": "#belt", "cullface": "up"},
				"up": {"uv": [2, 12, 6, 15], "texture": "#belt", "cullface": "up"}
			}
		},
		{
			"from": [6, 0, -0.01],
			"to": [10, 16, 1],
			"faces": {
				"north": {"uv": [2, 0, 6, 16], "rotation": 180, "texture": "#belt", "cullface": "north"},
				"east": {"uv": [7, 0, 8, 16], "rotation": 180, "texture": "#belt"},
				"west": {"uv": [0, 0, 1, 16], "rotation": 180, "texture": "#belt"},
				"down": {"uv": [2, 15, 6, 16], "texture": "#belt", "cullface": "down"}
			}
		},
		{
			"from": [6, -1, 1],
			"to": [10, 0, 3],
			"faces": {
				"north": {"uv": [2, 15, 6, 16], "rotation": 180, "texture": "#belt", "cullface": "down"},
				"east": {"uv": [7, 13, 8, 15], "rotation": 270, "texture": "#belt", "cullface": "down"},
				"south": {"uv": [2, 12, 6, 13], "rotation": 180, "texture": "#belt", "cullface": "down"},
				"west": {"uv": [0, 13, 1, 15], "rotation": 90, "texture": "#belt", "cullface": "down"},
				"down": {"uv": [2, 13, 6, 15], "texture": "#belt", "cullface": "down"}
			}
		},
		{
			"from": [-0.05, 0, 3],
			"to": [2, 16, 4],
			"faces": {
				"north": {"uv": [13, 0, 14, 8], "texture": "#base"},
				"east": {"uv": [14, 0, 14.5, 8], "texture": "#base"},
				"south": {"uv": [13, 0, 14, 8], "texture": "#base"},
				"west": {"uv": [12.5, 0, 13, 8], "texture": "#base", "cullface": "west"},
				"up": {"uv": [9, 0, 10, 0.5], "texture": "#base", "cullface": "up"},
				"down": {"uv": [9, 1.5, 10, 2], "rotation": 180, "texture": "#base", "cullface": "down"}
			}
		},
		{
			"from": [14, 0, -0.01],
			"to": [16, 16, 1.01],
			"rotation": {"angle": 0, "axis": "y", "origin": [22, 8, 8]},
			"faces": {
				"north": {"uv": [13, 0, 14, 8], "texture": "#base", "cullface": "north"},
				"east": {"uv": [15.5, 0, 16, 8], "texture": "#base", "cullface": "east"},
				"south": {"uv": [13, 0, 14, 8], "texture": "#base"},
				"west": {"uv": [11, 0, 11.5, 8], "texture": "#base"},
				"up": {"uv": [9, 0, 10, 0.5], "texture": "#base", "cullface": "up"},
				"down": {"uv": [9, 1.5, 10, 2], "rotation": 180, "texture": "#base", "cullface": "down"}
			}
		},
		{
			"from": [14, 0, 3],
			"to": [16.05, 16, 4],
			"rotation": {"angle": 0, "axis": "y", "origin": [22, 8, 8]},
			"faces": {
				"north": {"uv": [13, 0, 14, 8], "texture": "#base"},
				"east": {"uv": [14, 0, 14.5, 8], "texture": "#base", "cullface": "east"},
				"south": {"uv": [13, 0, 14, 8], "texture": "#base"},
				"west": {"uv": [12.5, 0, 13, 8], "texture": "#base"},
				"up": {"uv": [9, 0, 10, 0.5], "texture": "#base", "cullface": "up"},
				"down": {"uv": [9, 1.5, 10, 2], "rotation": 180, "texture": "#base", "cullface": "down"}
			}
		},
		{
			"from": [1, 4, 1],
			"to": [2, 12, 3],
			"faces": {
				"west": {"uv": [14.5, 2, 15.5, 6], "texture": "#base"},
				"up": {"uv": [14.5, 1.5, 15, 2.5], "texture": "#base"},
				"down": {"uv": [14.5, 4.5, 15, 5.5], "texture": "#base"}
			}
		},
		{
			"from": [14, 4, 1],
			"to": [15, 12, 3],
			"faces": {
				"east": {"uv": [14.5, 0.5, 15.5, 4.5], "texture": "#base"},
				"up": {"uv": [14.5, 1.5, 15, 2.5], "texture": "#base"},
				"down": {"uv": [14.5, 4.5, 15, 5.5], "texture": "#base"}
			}
		}
	]
}