{
	"parent": "block/block",
	"textures": {
		"belt": "inf:machine/elevator/belt",
		"base": "inf:machine/elevator/base",
		"particle": "block/observer_side"
	},
	"elements": [
		{
			"from": [14, 0, 9.99],
			"to": [16, 16, 11.01],
			"rotation": {"angle": 0, "axis": "y", "origin": [8, 8, 3]},
			"faces": {
				"north": {"uv": [13, 0, 14, 8], "texture": "#base"},
				"east": {"uv": [11, 0, 11.5, 8], "texture": "#base"},
				"south": {"uv": [13, 0, 14, 8], "texture": "#base"},
				"west": {"uv": [15.5, 0, 16, 8], "texture": "#base"},
				"up": {"uv": [9, 0, 10, 0.5], "rotation": 180, "texture": "#base"},
				"down": {"uv": [9, 1.5, 10, 2], "texture": "#base"}
			}
		},
		{
			"from": [2, 0, 8],
			"to": [14, 16, 10],
			"rotation": {"angle": 0, "axis": "y", "origin": [8, 8, 3]},
			"faces": {
				"north": {"uv": [0, 0, 6, 8], "texture": "#base"},
				"east": {"uv": [2.5, 0, 3.5, 8], "texture": "#base"},
				"south": {"uv": [10, 8, 16, 16], "texture": "#base"},
				"west": {"uv": [2.5, 0, 3.5, 8], "texture": "#base"},
				"up": {"uv": [0, 7.5, 6, 8.5], "texture": "#base"},
				"down": {"uv": [0, 7.5, 6, 8.5], "rotation": 180, "texture": "#base"}
			}
		},
		{
			"from": [11, 0, 7],
			"to": [13, 16, 8],
			"rotation": {"angle": 0, "axis": "y", "origin": [8, 8, 3]},
			"faces": {
				"north": {"uv": [0.5, 0, 1.5, 8], "texture": "#base"},
				"east": {"uv": [0.5, 0, 1, 8], "texture": "#base"},
				"west": {"uv": [1, 0, 1.5, 8], "texture": "#base"},
				"up": {"uv": [0.5, 0, 1.5, 0.5], "rotation": 180, "texture": "#base"},
				"down": {"uv": [0.5, 7.5, 1.5, 8], "rotation": 180, "texture": "#base"}
			}
		},
		{
			"from": [3, 0, 7],
			"to": [5, 16, 8],
			"rotation": {"angle": 0, "axis": "y", "origin": [8, 8, 3]},
			"faces": {
				"north": {"uv": [4.5, 0, 5.5, 8], "texture": "#base"},
				"east": {"uv": [4.5, 0, 5, 8], "texture": "#base"},
				"west": {"uv": [5, 0, 5.5, 8], "texture": "#base"},
				"up": {"uv": [4.5, 0, 5.5, 0.5], "rotation": 180, "texture": "#base"},
				"down": {"uv": [4.5, 7.5, 5.5, 8], "rotation": 180, "texture": "#base"}
			}
		},
		{
			"from": [6, 0, 7],
			"to": [10, 16, 8],
			"rotation": {"angle": 0, "axis": "y", "origin": [8, 8, 3]},
			"faces": {
				"north": {"uv": [2, 0, 6, 16], "texture": "#belt"},
				"east": {"uv": [0, 0, 1, 16], "texture": "#belt"},
				"west": {"uv": [7, 0, 8, 16], "texture": "#belt"},
				"up": {"uv": [2, 15, 6, 16], "rotation": 180, "texture": "#belt"},
				"down": {"uv": [2, 0, 6, 1], "rotation": 180, "texture": "#belt"}
			}
		},
		{
			"from": [6, 16, 8],
			"to": [10, 17, 11],
			"rotation": {"angle": 0, "axis": "y", "origin": [8, 8, 3]},
			"faces": {
				"north": {"uv": [2, 15, 6, 16], "texture": "#belt"},
				"east": {"uv": [0, 12, 1, 15], "rotation": 270, "texture": "#belt"},
				"south": {"uv": [2, 12, 6, 13], "texture": "#belt"},
				"west": {"uv": [7, 12, 8, 15], "rotation": 90, "texture": "#belt"},
				"up": {"uv": [2, 12, 6, 15], "rotation": 180, "texture": "#belt"}
			}
		},
		{
			"from": [6, 0, 10],
			"to": [10, 16, 11],
			"rotation": {"angle": 0, "axis": "y", "origin": [8, 8, 3]},
			"faces": {
				"north": {"uv": [0, 0, 2, 8], "rotation": 180, "texture": "#belt"},
				"east": {"uv": [0, 0, 1, 16], "rotation": 180, "texture": "#belt"},
				"south": {"uv": [2, 0, 6, 16], "rotation": 180, "texture": "#belt"},
				"west": {"uv": [7, 0, 8, 16], "rotation": 180, "texture": "#belt"},
				"up": {"uv": [2, 0, 6, 1], "rotation": 180, "texture": "#belt"},
				"down": {"uv": [2, 15, 6, 16], "rotation": 180, "texture": "#belt"}
			}
		},
		{
			"from": [6, -1, 8],
			"to": [10, 0, 10],
			"rotation": {"angle": 0, "axis": "y", "origin": [8, 8, 3]},
			"faces": {
				"north": {"uv": [2, 12, 6, 13], "rotation": 180, "texture": "#belt"},
				"east": {"uv": [0, 13, 1, 15], "rotation": 90, "texture": "#belt"},
				"south": {"uv": [2, 15, 6, 16], "rotation": 180, "texture": "#belt"},
				"west": {"uv": [7, 13, 8, 15], "rotation": 270, "texture": "#belt"},
				"down": {"uv": [2, 13, 6, 15], "rotation": 180, "texture": "#belt"}
			}
		},
		{
			"from": [14, 0, 7],
			"to": [16, 16, 8],
			"rotation": {"angle": 0, "axis": "y", "origin": [8, 8, 3]},
			"faces": {
				"north": {"uv": [13, 0, 14, 8], "texture": "#base"},
				"east": {"uv": [12.5, 0, 13, 8], "texture": "#base"},
				"south": {"uv": [13, 0, 14, 8], "texture": "#base"},
				"west": {"uv": [14, 0, 14.5, 8], "texture": "#base"},
				"up": {"uv": [9, 0, 10, 0.5], "rotation": 180, "texture": "#base"},
				"down": {"uv": [9, 1.5, 10, 2], "texture": "#base"}
			}
		},
		{
			"from": [0, 0, 9.99],
			"to": [2, 16, 11.01],
			"rotation": {"angle": 0, "axis": "y", "origin": [8, 8, 3]},
			"faces": {
				"north": {"uv": [13, 0, 14, 8], "texture": "#base"},
				"east": {"uv": [11, 0, 11.5, 8], "texture": "#base"},
				"south": {"uv": [13, 0, 14, 8], "texture": "#base"},
				"west": {"uv": [15.5, 0, 16, 8], "texture": "#base"},
				"up": {"uv": [9, 0, 10, 0.5], "rotation": 180, "texture": "#base"},
				"down": {"uv": [9, 1.5, 10, 2], "texture": "#base"}
			}
		},
		{
			"from": [0, 0, 7],
			"to": [2, 16, 8],
			"rotation": {"angle": 0, "axis": "y", "origin": [8, 8, 3]},
			"faces": {
				"north": {"uv": [13, 0, 14, 8], "texture": "#base"},
				"east": {"uv": [12.5, 0, 13, 8], "texture": "#base"},
				"south": {"uv": [13, 0, 14, 8], "texture": "#base"},
				"west": {"uv": [14, 0, 14.5, 8], "texture": "#base"},
				"up": {"uv": [9, 0, 10, 0.5], "rotation": 180, "texture": "#base"},
				"down": {"uv": [9, 1.5, 10, 2], "texture": "#base"}
			}
		},
		{
			"from": [14, 4, 8],
			"to": [15, 12, 10],
			"rotation": {"angle": 0, "axis": "y", "origin": [8, 8, 3]},
			"faces": {
				"east": {"uv": [14.5, 2, 15.5, 6], "texture": "#base"},
				"west": {"uv": [14.5, 0.5, 15.5, 4.5], "texture": "#base"},
				"up": {"uv": [14.5, 1.5, 15, 2.5], "rotation": 180, "texture": "#base"},
				"down": {"uv": [14.5, 4.5, 15, 5.5], "rotation": 180, "texture": "#base"}
			}
		},
		{
			"from": [1, 4, 8],
			"to": [2, 12, 10],
			"rotation": {"angle": 0, "axis": "y", "origin": [8, 8, 3]},
			"faces": {
				"east": {"uv": [14.5, 2, 15.5, 6], "texture": "#base"},
				"west": {"uv": [14.5, 0.5, 15.5, 4.5], "texture": "#base"},
				"up": {"uv": [14.5, 1.5, 15, 2.5], "rotation": 180, "texture": "#base"},
				"down": {"uv": [14.5, 4.5, 15, 5.5], "rotation": 180, "texture": "#base"}
			}
		},
		{
			"from": [10, 5, 6],
			"to": [14, 9, 8],
			"rotation": {"angle": 0, "axis": "y", "origin": [8, 8, 3]},
			"faces": {
				"north": {"uv": [0, 9.5, 2, 11.5], "texture": "#base"},
				"east": {"uv": [1, 9.5, 2, 11.5], "texture": "#base"},
				"south": {"uv": [0, 9.5, 2, 11.5], "texture": "#base"},
				"west": {"uv": [0, 9.5, 1, 11.5], "texture": "#base"},
				"up": {"uv": [0, 10.5, 2, 11.5], "rotation": 180, "texture": "#base"},
				"down": {"uv": [0, 9.5, 2, 10.5], "rotation": 180, "texture": "#base"}
			}
		},
		{
			"from": [2, 5, 6],
			"to": [6, 9, 8],
			"rotation": {"angle": 0, "axis": "y", "origin": [8, 8, 3]},
			"faces": {
				"north": {"uv": [0, 13.5, 2, 15.5], "texture": "#base"},
				"east": {"uv": [1, 13.5, 2, 15.5], "texture": "#base"},
				"south": {"uv": [0, 13.5, 2, 15.5], "texture": "#base"},
				"west": {"uv": [0, 13.5, 1, 15.5], "texture": "#base"},
				"up": {"uv": [0, 14.5, 2, 15.5], "rotation": 180, "texture": "#base"},
				"down": {"uv": [0, 13.5, 2, 14.5], "rotation": 180, "texture": "#base"}
			}
		},
		{
			"from": [4, 6, -1],
			"to": [12, 7, 6],
			"rotation": {"angle": 0, "axis": "y", "origin": [8, 8, 3]},
			"faces": {
				"north": {"uv": [2, 10.5, 2.5, 14.5], "rotation": 90, "texture": "#base"},
				"east": {"uv": [2, 14, 5.5, 14.5], "texture": "#base"},
				"south": {"uv": [5, 10.5, 5.5, 14.5], "rotation": 90, "texture": "#base"},
				"west": {"uv": [2, 10.5, 5.5, 11], "texture": "#base"},
				"up": {"uv": [2, 10.5, 5.5, 14.5], "rotation": 270, "texture": "#base"},
				"down": {"uv": [2, 10.5, 5.5, 14.5], "rotation": 270, "texture": "#base"}
			}
		},
		{
			"from": [7, 6, 6],
			"to": [9, 8, 7],
			"rotation": {"angle": 0, "axis": "y", "origin": [8, 8, 3]},
			"faces": {
				"north": {"uv": [1, 12, 2, 13], "texture": "#base"},
				"east": {"uv": [1, 12, 1.5, 13], "texture": "#base"},
				"south": {"uv": [1, 12, 2, 13], "texture": "#base"},
				"west": {"uv": [1, 12, 1.5, 13], "texture": "#base"},
				"up": {"uv": [1, 12, 2, 12.5], "rotation": 180, "texture": "#base"},
				"down": {"uv": [1, 12.5, 2, 13], "rotation": 180, "texture": "#base"}
			}
		}
	],
    "display": {
        "gui": {
            "rotation": [ 30, 135, 0 ],
            "translation": [ 0, 0, 0],
            "scale":[ 0.625, 0.625, 0.625 ]
        }
	}
}