{
	"parent": "block/block",
	"textures": {
		"base": "inf:machine/elevator/base",
		"particle": "block/observer_side"
	},
	"elements": [
		{
			"from": [2, -1, 3],
			"to": [6, 3, 5],
			"rotation": {"angle": 0, "axis": "y", "origin": [8, 7, 8]},
			"faces": {
				"north": {"uv": [0, 9.5, 2, 11.5], "texture": "#base"},
				"east": {"uv": [0, 9.5, 1, 11.5], "texture": "#base"},
				"south": {"uv": [0, 9.5, 2, 11.5], "texture": "#base"},
				"west": {"uv": [1, 9.5, 2, 11.5], "texture": "#base"},
				"up": {"uv": [0, 10.5, 2, 11.5], "texture": "#base"},
				"down": {"uv": [0, 9.5, 2, 10.5], "texture": "#base"}
			}
		},
		{
			"from": [10, -1, 3],
			"to": [14, 3, 5],
			"rotation": {"angle": 0, "axis": "y", "origin": [8, 7, 8]},
			"faces": {
				"north": {"uv": [0, 13.5, 2, 15.5], "texture": "#base"},
				"east": {"uv": [0, 13.5, 1, 15.5], "texture": "#base"},
				"south": {"uv": [0, 13.5, 2, 15.5], "texture": "#base"},
				"west": {"uv": [1, 13.5, 2, 15.5], "texture": "#base"},
				"up": {"uv": [0, 14.5, 2, 15.5], "texture": "#base"},
				"down": {"uv": [0, 13.5, 2, 14.5], "texture": "#base"}
			}
		},
		{
			"from": [4, 0, 5],
			"to": [12, 1, 12],
			"rotation": {"angle": 0, "axis": "y", "origin": [8, 7, 8]},
			"faces": {
				"north": {"uv": [5, 10.5, 5.5, 14.5], "rotation": 90, "texture": "#base"},
				"east": {"uv": [2, 10.5, 5.5, 11], "texture": "#base"},
				"south": {"uv": [2, 10.5, 2.5, 14.5], "rotation": 90, "texture": "#base"},
				"west": {"uv": [2, 14, 5.5, 14.5], "texture": "#base"},
				"up": {"uv": [2, 10.5, 5.5, 14.5], "rotation": 90, "texture": "#base"},
				"down": {"uv": [2, 10.5, 5.5, 14.5], "rotation": 90, "texture": "#base"}
			}
		},
		{
			"from": [7, 0, 4],
			"to": [9, 2, 5],
			"rotation": {"angle": 0, "axis": "y", "origin": [8, 7, 8]},
			"faces": {
				"north": {"uv": [1, 12, 2, 13], "texture": "#base"},
				"east": {"uv": [1, 12, 1.5, 13], "texture": "#base"},
				"south": {"uv": [1, 12, 2, 13], "texture": "#base"},
				"west": {"uv": [1, 12, 1.5, 13], "texture": "#base"},
				"up": {"uv": [1, 12, 2, 12.5], "texture": "#base"},
				"down": {"uv": [1, 12.5, 2, 13], "texture": "#base"}
			}
		}
	],
	"display": {
		"thirdperson_righthand": {
			"rotation": [90, 0, 0],
			"translation": [-6, -2, 4],
			"scale": [2, 2, 2]
		}
	}
}