{
	"parent": "block/block",
	"textures": {
		"base": "inf:machine/crusher/base"
	},
	"elements": [
		{
			"from": [0, 0, 0],
			"to": [16, 1, 16],
			"faces": {
				"north": {"uv": [8, 7.5, 16, 8], "texture": "#base"},
				"east": {"uv": [8, 0, 16, 0.5], "texture": "#base"},
				"south": {"uv": [8, 7.5, 16, 8], "texture": "#base"},
				"west": {"uv": [8, 7.5, 16, 8], "texture": "#base"},
				"up": {"uv": [8, 0, 16, 8], "rotation": 270, "texture": "#base"},
				"down": {"uv": [8, 0, 16, 8], "rotation": 90, "texture": "#base"}
			}
		},
		{
			"from": [10, 3, 0],
			"to": [16, 4, 16],
			"faces": {
				"north": {"uv": [13, 0, 16, 0.5], "texture": "#base"},
				"east": {"uv": [8, 0, 16, 0.5], "texture": "#base"},
				"south": {"uv": [13, 0, 16, 0.5], "texture": "#base"},
				"west": {"uv": [8, 0, 16, 0.5], "texture": "#base"},
				"up": {"uv": [8, 5, 16, 8], "rotation": 270, "texture": "#base"},
				"down": {"uv": [8, 0, 16, 3], "rotation": 90, "texture": "#base"}
			}
		},
		{
			"from": [0, 3, 0],
			"to": [6, 4, 16],
			"faces": {
				"north": {"uv": [8.5, 0, 11.5, 0.5], "texture": "#base"},
				"east": {"uv": [8, 7.5, 16, 8], "texture": "#base"},
				"south": {"uv": [12.5, 0, 15.5, 0.5], "texture": "#base"},
				"west": {"uv": [8, 7.5, 16, 8], "texture": "#base"},
				"up": {"uv": [8, 0, 16, 3], "rotation": 270, "texture": "#base"},
				"down": {"uv": [8, 5, 16, 8], "rotation": 90, "texture": "#base"}
			}
		},
		{
			"from": [1, 1, 1],
			"to": [6, 3, 5],
			"faces": {
				"north": {"uv": [4.5, 15, 7, 16], "texture": "#base"},
				"east": {"uv": [2.5, 15, 4.5, 16], "texture": "#base"},
				"south": {"uv": [0, 15, 2.5, 16], "texture": "#base"},
				"west": {"uv": [1, 15, 3, 16], "texture": "#base"}
			}
		},
		{
			"from": [1, 1, 11],
			"to": [6, 3, 15],
			"faces": {
				"north": {"uv": [4.5, 15, 7, 16], "texture": "#base"},
				"south": {"uv": [0, 15, 2.5, 16], "texture": "#base"},
				"west": {"uv": [1, 15, 3, 16], "texture": "#base"}
			}
		},
		{
			"from": [10, 1, 1],
			"to": [15, 3, 5],
			"faces": {
				"north": {"uv": [2, 15, 4.5, 16], "texture": "#base"},
				"east": {"uv": [0, 15, 2, 16], "texture": "#base"},
				"south": {"uv": [2, 15, 4.5, 16], "texture": "#base"},
				"west": {"uv": [1.5, 15, 3.5, 16], "texture": "#base"}
			}
		},
		{
			"from": [10, 1, 11],
			"to": [15, 3, 15],
			"faces": {
				"north": {"uv": [2, 15, 4.5, 16], "texture": "#base"},
				"east": {"uv": [0, 15, 2, 16], "texture": "#base"},
				"south": {"uv": [2, 15, 4.5, 16], "texture": "#base"}
			}
		},
		{
			"from": [6, 1, 2],
			"to": [10, 11, 15],
			"faces": {
				"north": {"uv": [13.5, 11, 15.5, 16], "texture": "#base"},
				"east": {"uv": [16, 11, 9.5, 16], "texture": "#base"},
				"south": {"uv": [9.5, 11, 11.5, 16], "texture": "#base"},
				"west": {"uv": [9.5, 11, 16, 16], "texture": "#base"},
				"up": {"uv": [9.5, 9, 16, 11], "rotation": 270, "texture": "#base"}
			}
		},
		{
			"from": [1, 4, 1],
			"to": [6, 12, 15],
			"faces": {
				"north": {"uv": [7, 8.5, 9.5, 12.5], "texture": "#base"},
				"east": {"uv": [0, 10.5, 7, 14.5], "texture": "#base"},
				"south": {"uv": [7, 12, 9.5, 16], "texture": "#base"},
				"west": {"uv": [0, 10.5, 7, 14.5], "texture": "#base"},
				"up": {"uv": [0, 8.5, 7, 11], "rotation": 270, "texture": "#base"}
			}
		},
		{
			"from": [10, 4, 1],
			"to": [15, 12, 15],
			"faces": {
				"north": {"uv": [7, 8.5, 9.5, 12.5], "texture": "#base"},
				"east": {"uv": [0, 11, 7, 15], "texture": "#base"},
				"south": {"uv": [7, 12, 9.5, 16], "texture": "#base"},
				"west": {"uv": [0, 10.5, 7, 14.5], "texture": "#base"},
				"up": {"uv": [0, 8.5, 7, 11], "rotation": 270, "texture": "#base"}
			}
		},
		{
			"from": [5, 11, 5],
			"to": [11, 13, 11],
			"rotation": {"angle": 0, "axis": "y", "origin": [8, 24, 8]},
			"faces": {
				"north": {"uv": [1, 1, 4, 2], "texture": "#base"},
				"east": {"uv": [1, 3.5, 4, 4], "texture": "#base"},
				"south": {"uv": [1, 1.5, 4, 2.5], "texture": "#base"},
				"west": {"uv": [1, 3.5, 4, 4], "texture": "#base"}
			}
		},
		{
			"from": [11, 14, 5],
			"to": [13, 16, 11],
			"rotation": {"angle": 0, "axis": "y", "origin": [8, 24, 8]},
			"faces": {
				"east": {"uv": [1, 5, 4, 6], "texture": "#base"},
				"west": {"uv": [1, 0.5, 4, 1.5], "texture": "#base"},
				"up": {"uv": [1, 4, 4, 5], "rotation": 270, "texture": "#base"}
			}
		},
		{
			"from": [3, 14, 5],
			"to": [5, 16, 11],
			"rotation": {"angle": 0, "axis": "y", "origin": [8, 24, 8]},
			"faces": {
				"east": {"uv": [1, 0.5, 4, 1.5], "texture": "#base"},
				"west": {"uv": [1, 5, 4, 6], "texture": "#base"},
				"up": {"uv": [1, 0, 4, 1], "rotation": 270, "texture": "#base"}
			}
		},
		{
			"from": [3, 14, 3],
			"to": [13, 16, 5],
			"rotation": {"angle": 0, "axis": "y", "origin": [8, 24, 8]},
			"faces": {
				"north": {"uv": [0, 5, 5, 6], "texture": "#base"},
				"east": {"uv": [4, 5, 5, 6], "texture": "#base"},
				"south": {"uv": [0, 0.5, 5, 1.5], "texture": "#base"},
				"west": {"uv": [0, 5, 1, 6], "texture": "#base"},
				"up": {"uv": [4, 0, 5, 5], "rotation": 270, "texture": "#base"}
			}
		},
		{
			"from": [3, 14, 11],
			"to": [13, 16, 13],
			"rotation": {"angle": 0, "axis": "y", "origin": [8, 24, 8]},
			"faces": {
				"north": {"uv": [0, 0.5, 5, 1.5], "texture": "#base"},
				"east": {"uv": [0, 5, 1, 6], "texture": "#base"},
				"south": {"uv": [0, 5, 5, 6], "texture": "#base"},
				"west": {"uv": [4, 5, 5, 6], "texture": "#base"},
				"up": {"uv": [0, 0, 1, 5], "rotation": 270, "texture": "#base"}
			}
		},
		{
			"from": [3, 13, 3],
			"to": [13, 14, 13],
			"rotation": {"angle": 0, "axis": "y", "origin": [8, 24, 8]},
			"faces": {
				"north": {"uv": [0, 6, 5, 6.5], "texture": "#base"},
				"east": {"uv": [0, 6, 5, 6.5], "texture": "#base"},
				"south": {"uv": [0, 6, 5, 6.5], "texture": "#base"},
				"west": {"uv": [0, 6, 5, 6.5], "texture": "#base"},
				"up": {"uv": [0, 0, 5, 5], "rotation": 270, "texture": "#base"},
				"down": {"uv": [0, 6, 5, 6.5], "rotation": 90, "texture": "#base"}
			}
		},
		{
			"from": [6, 4, -2],
			"to": [10, 5, 2],
			"faces": {
				"north": {"uv": [2, 8, 4, 8.5], "texture": "#base"},
				"east": {"uv": [0, 8, 2, 8.5], "texture": "#base"},
				"west": {"uv": [4, 8, 6, 8.5], "texture": "#base"},
				"up": {"uv": [0, 6.5, 2, 8.5], "rotation": 270, "texture": "#base"},
				"down": {"uv": [0, 6.5, 2, 8.5], "rotation": 90, "texture": "#base"}
			}
		},
		{
			"from": [9, 5, -1],
			"to": [10, 7, 2],
			"faces": {
				"north": {"uv": [2, 7.5, 2.5, 8.5], "texture": "#base"},
				"east": {"uv": [0, 7, 1.5, 8], "texture": "#base"},
				"west": {"uv": [4.5, 7, 6, 8], "texture": "#base"},
				"up": {"uv": [0.5, 8, 2, 8.5], "rotation": 270, "texture": "#base"}
			}
		},
		{
			"from": [6, 5, -1],
			"to": [7, 7, 2],
			"faces": {
				"north": {"uv": [2, 7.5, 2.5, 8.5], "texture": "#base"},
				"east": {"uv": [0, 7, 1.5, 8], "texture": "#base"},
				"west": {"uv": [4.5, 7, 6, 8], "texture": "#base"},
				"up": {"uv": [0.5, 8, 2, 8.5], "rotation": 270, "texture": "#base"}
			}
		}
	]
}