{
	"parent": "block/block",
	"textures": {
		"base": "inf:machine/filter/base",
		"belt": "inf:machine/filter/belt"
	},
	"elements": [
		{
			"name": "bottom",
			"from": [0, 0, 0],
			"to": [16, 2, 16],
			"faces": {
				"north": {"uv": [0, 14, 8, 15], "texture": "#base", "cullface": "north"},
				"east": {"uv": [0, 15, 8, 16], "texture": "#base", "cullface": "east"},
				"south": {"uv": [0, 14, 8, 15], "texture": "#base", "cullface": "south"},
				"west": {"uv": [0, 15, 8, 16], "texture": "#base", "cullface": "west"},
				"up": {"uv": [8, 8, 16, 16], "texture": "#base"},
				"down": {"uv": [8, 0, 16, 8], "texture": "#base", "cullface": "down"}
			}
		},
		{
			"name": "core",
			"from": [4, 2, 2],
			"to": [12, 12, 14],
			"faces": {
				"north": {"uv": [10, 9.5, 14, 14.5], "texture": "#base", "cullface": "north"},
				"east": {"uv": [2, 0, 8, 5], "texture": "#base", "cullface": "east"},
				"south": {"uv": [10, 9.5, 14, 14.5], "texture": "#base", "cullface": "south"},
				"west": {"uv": [2, 0, 8, 5], "texture": "#base", "cullface": "west"}
			}
		},
		{
			"name": "nw_strut",
			"from": [0, 2, 0],
			"to": [4, 12, 2],
			"faces": {
				"north": {"uv": [0, 0, 2, 5], "texture": "#base", "cullface": "north"},
				"east": {"uv": [0, 0, 1, 5], "texture": "#base", "cullface": "north"},
				"south": {"uv": [0, 0, 2, 5], "texture": "#base", "cullface": "west"},
				"west": {"uv": [1, 0, 2, 5], "texture": "#base", "cullface": "west"}
			}
		},
		{
			"name": "nw_belt_support",
			"from": [0, 12, 0],
			"to": [1, 16, 2],
			"rotation": {"angle": 0, "axis": "y", "origin": [8, 9, 8]},
			"faces": {
				"north": {"uv": [0, 5, 0.5, 7], "texture": "#base", "cullface": "north"},
				"south": {"uv": [7, 5, 7.5, 7], "texture": "#base", "cullface": "west"},
				"west": {"uv": [0, 5, 1, 7], "texture": "#base", "cullface": "west"},
				"up": {"uv": [0, 0, 0.5, 1], "rotation": 180, "texture": "#base", "cullface": "up"}
			}
		},
		{
			"name": "ne_strut",
			"from": [12, 2, 0],
			"to": [16, 12, 2],
			"faces": {
				"north": {"uv": [0, 0, 2, 5], "texture": "#base", "cullface": "north"},
				"east": {"uv": [0, 0, 1, 5], "texture": "#base", "cullface": "east"},
				"south": {"uv": [0, 0, 2, 5], "texture": "#base", "cullface": "east"},
				"west": {"uv": [1, 0, 2, 5], "texture": "#base", "cullface": "north"}
			}
		},
		{
			"name": "ne_belt_support",
			"from": [15, 12, 0],
			"to": [16, 16, 2],
			"rotation": {"angle": 0, "axis": "y", "origin": [8, 9, 8]},
			"faces": {
				"north": {"uv": [7.5, 5, 8, 7], "texture": "#base", "cullface": "north"},
				"east": {"uv": [7, 5, 8, 7], "texture": "#base", "cullface": "east"},
				"south": {"uv": [0.5, 5, 1, 7], "texture": "#base", "cullface": "east"},
				"up": {"uv": [0, 0, 0.5, 1], "texture": "#base", "cullface": "up"}
			}
		},
		{
			"name": "se_strut",
			"from": [12, 2, 14],
			"to": [16, 12, 16],
			"faces": {
				"north": {"uv": [2, 0, 0, 5], "texture": "#base", "cullface": "east"},
				"east": {"uv": [1, 0, 0, 5], "texture": "#base", "cullface": "east"},
				"south": {"uv": [2, 0, 0, 5], "texture": "#base", "cullface": "south"},
				"west": {"uv": [2, 0, 1, 5], "texture": "#base", "cullface": "south"}
			}
		},
		{
			"name": "se_belt_support",
			"from": [15, 12, 14],
			"to": [16, 16, 16],
			"rotation": {"angle": 0, "axis": "y", "origin": [8, 9, 8]},
			"faces": {
				"north": {"uv": [7, 5, 7.5, 7], "texture": "#base", "cullface": "east"},
				"east": {"uv": [0, 5, 1, 7], "texture": "#base", "cullface": "east"},
				"south": {"uv": [0, 5, 0.5, 7], "texture": "#base", "cullface": "south"},
				"up": {"uv": [0, 0, 0.5, 1], "texture": "#base", "cullface": "up"}
			}
		},
		{
			"name": "sw_strut",
			"from": [0, 2, 14],
			"to": [4, 12, 16],
			"faces": {
				"north": {"uv": [2, 0, 0, 5], "texture": "#base", "cullface": "west"},
				"east": {"uv": [1, 0, 0, 5], "texture": "#base", "cullface": "south"},
				"south": {"uv": [2, 0, 0, 5], "texture": "#base", "cullface": "south"},
				"west": {"uv": [2, 0, 1, 5], "texture": "#base", "cullface": "west"}
			}
		},
		{
			"name": "sw_belt_support",
			"from": [0, 12, 14],
			"to": [1, 16, 16],
			"rotation": {"angle": 0, "axis": "y", "origin": [8, 9, 8]},
			"faces": {
				"north": {"uv": [0.5, 5, 1, 7], "texture": "#base", "cullface": "west"},
				"south": {"uv": [7.5, 5, 8, 7], "texture": "#base", "cullface": "south"},
				"west": {"uv": [7, 5, 8, 7], "texture": "#base", "cullface": "west"},
				"up": {"uv": [0, 0, 0.5, 1], "rotation": 180, "texture": "#base", "cullface": "up"}
			}
		},
		{
			"name": "center_belt_support",
			"from": [10, 13, 2],
			"to": [16, 16, 14],
			"faces": {
				"east": {"uv": [1, 5, 7, 6.5], "texture": "#base", "cullface": "east"},
				"west": {"uv": [1, 5, 7, 5.5], "texture": "#base", "cullface": "up"},
				"up": {"uv": [1, 5, 7, 5.5], "rotation": 270, "texture": "#base", "cullface": "up"},
				"down": {"uv": [1, 6, 7, 6.5], "rotation": 90, "texture": "#base", "cullface": "east"}
			}
		},
		{
			"name": "center_belt_support",
			"from": [0, 13, 2],
			"to": [6, 16, 14],
			"faces": {
				"east": {"uv": [1, 5, 7, 5.5], "texture": "#base", "cullface": "up"},
				"west": {"uv": [7, 5, 1, 6.5], "texture": "#base", "cullface": "west"},
				"up": {"uv": [1, 5, 7, 5.5], "rotation": 270, "texture": "#base", "cullface": "up"},
				"down": {"uv": [1, 6, 7, 6.5], "rotation": 90, "texture": "#base", "cullface": "west"}
			}
		},
		{
			"name": "belt_front",
			"from": [1, 13, -1],
			"to": [6, 16.05, 0],
			"rotation": {"angle": 0, "axis": "y", "origin": [8, 9, 8]},
			"faces": {
				"north": {"uv": [1, 12, 6, 15], "rotation": 180, "texture": "#belt", "cullface": "north"},
				"east": {"uv": [0, 12, 1, 15], "rotation": 180, "texture": "#belt", "cullface": "north"},
				"west": {"uv": [15, 12, 16, 15], "rotation": 180, "texture": "#belt", "cullface": "north"},
				"up": {"uv": [10, 15, 15, 16], "rotation": 180, "texture": "#belt", "cullface": "north"},
				"down": {"uv": [10, 11, 15, 12], "rotation": 180, "texture": "#belt", "cullface": "north"}
			}
		},
		{
			"name": "belt_front",
			"from": [10, 13, -1],
			"to": [15, 16.05, 0],
			"rotation": {"angle": 0, "axis": "y", "origin": [8, 9, 8]},
			"faces": {
				"north": {"uv": [10, 12, 15, 15], "rotation": 180, "texture": "#belt", "cullface": "north"},
				"east": {"uv": [0, 12, 1, 15], "rotation": 180, "texture": "#belt", "cullface": "north"},
				"west": {"uv": [15, 12, 16, 15], "rotation": 180, "texture": "#belt", "cullface": "north"},
				"up": {"uv": [1, 15, 6, 16], "rotation": 180, "texture": "#belt", "cullface": "north"},
				"down": {"uv": [1, 11, 6, 12], "rotation": 180, "texture": "#belt", "cullface": "north"}
			}
		},
		{
			"name": "belt_top",
			"from": [1, 16, 0],
			"to": [6, 17, 16],
			"rotation": {"angle": 0, "axis": "x", "origin": [8, 14, 8]},
			"faces": {
				"north": {"uv": [10, 15, 15, 16], "texture": "#belt", "cullface": "up"},
				"east": {"uv": [15, 0, 16, 16], "rotation": 90, "texture": "#belt", "cullface": "up"},
				"south": {"uv": [1, 0, 6, 1], "texture": "#belt", "cullface": "up"},
				"west": {"uv": [0, 0, 1, 16], "rotation": 270, "texture": "#belt", "cullface": "up"},
				"up": {"uv": [1, 0, 6, 16], "texture": "#belt", "cullface": "up"}
			}
		},
		{
			"name": "belt_top",
			"from": [1, 12, 0],
			"to": [6, 13, 16],
			"rotation": {"angle": 0, "axis": "x", "origin": [8, 14, 8]},
			"faces": {
				"north": {"uv": [1, 0, 6, 1], "rotation": 180, "texture": "#belt", "cullface": "north"},
				"east": {"uv": [15, 0, 16, 16], "rotation": 270, "texture": "#belt", "cullface": "up"},
				"south": {"uv": [10, 15, 15, 16], "rotation": 180, "texture": "#belt", "cullface": "south"},
				"west": {"uv": [0, 0, 1, 16], "rotation": 90, "texture": "#belt", "cullface": "up"},
				"down": {"uv": [1, 0, 6, 16], "texture": "#belt"}
			}
		},
		{
			"name": "belt_top",
			"from": [10, 16, 0],
			"to": [15, 17, 16],
			"rotation": {"angle": 0, "axis": "x", "origin": [8, 14, 8]},
			"faces": {
				"north": {"uv": [1, 15, 6, 16], "texture": "#belt", "cullface": "up"},
				"east": {"uv": [15, 0, 16, 16], "rotation": 90, "texture": "#belt", "cullface": "up"},
				"south": {"uv": [10, 0, 15, 1], "texture": "#belt", "cullface": "up"},
				"west": {"uv": [0, 0, 1, 16], "rotation": 270, "texture": "#belt", "cullface": "up"},
				"up": {"uv": [10, 0, 15, 16], "texture": "#belt", "cullface": "up"}
			}
		},
		{
			"name": "belt_top",
			"from": [10, 12, 0],
			"to": [15, 13, 16],
			"rotation": {"angle": 0, "axis": "x", "origin": [8, 14, 8]},
			"faces": {
				"north": {"uv": [10, 0, 15, 1], "rotation": 180, "texture": "#belt", "cullface": "north"},
				"east": {"uv": [15, 0, 16, 16], "rotation": 270, "texture": "#belt", "cullface": "east"},
				"south": {"uv": [1, 15, 6, 16], "rotation": 180, "texture": "#belt", "cullface": "south"},
				"west": {"uv": [0, 0, 1, 16], "rotation": 90, "texture": "#belt", "cullface": "up"},
				"down": {"uv": [10, 0, 15, 16], "texture": "#belt"}
			}
		},
		{
			"name": "belt_back",
			"from": [10, 13, 16],
			"to": [15, 16.05, 17],
			"rotation": {"angle": 0, "axis": "y", "origin": [8, 9, 8]},
			"faces": {
				"east": {"uv": [15, 1, 16, 4], "texture": "#belt", "cullface": "south"},
				"south": {"uv": [10, 1, 15, 4], "texture": "#belt", "cullface": "south"},
				"west": {"uv": [0, 1, 1, 4], "texture": "#belt", "cullface": "south"},
				"up": {"uv": [10, 0, 15, 1], "texture": "#belt", "cullface": "south"},
				"down": {"uv": [10, 4, 15, 5], "texture": "#belt", "cullface": "south"}
			}
		},
		{
			"name": "belt_back",
			"from": [1, 13, 16],
			"to": [6, 16.05, 17],
			"rotation": {"angle": 0, "axis": "y", "origin": [8, 9, 8]},
			"faces": {
				"east": {"uv": [15, 1, 16, 4], "texture": "#belt", "cullface": "south"},
				"south": {"uv": [1, 1, 6, 4], "texture": "#belt", "cullface": "south"},
				"west": {"uv": [0, 1, 1, 4], "texture": "#belt", "cullface": "south"},
				"up": {"uv": [1, 0, 6, 1], "texture": "#belt", "cullface": "south"},
				"down": {"uv": [1, 4, 6, 5], "texture": "#belt", "cullface": "south"}
			}
		},
		{
			"from": [6, 12, 2],
			"to": [10, 13, 14],
			"faces": {
				"north": {"uv": [11, 9, 13, 9.5], "texture": "#base", "cullface": "north"},
				"south": {"uv": [11, 9, 13, 9.5], "texture": "#base", "cullface": "south"},
				"up": {"uv": [1, 6.5, 7, 8.5], "rotation": 90, "texture": "#base", "cullface": "up"}
			}
		},
		{
			"from": [6, 13, 0],
			"to": [10, 16, 3],
			"faces": {
				"north": {"uv": [0, 5, 1.5, 5.5], "rotation": 90, "texture": "#base", "cullface": "north"},
				"east": {"uv": [0, 0, 1.5, 1.5], "texture": "#base"},
				"south": {"uv": [0, 5, 1.5, 5.5], "rotation": 90, "texture": "#base", "cullface": "up"},
				"west": {"uv": [0, 0, 1.5, 1.5], "texture": "#base"},
				"up": {"uv": [0, 5, 1.5, 5.5], "rotation": 90, "texture": "#base", "cullface": "up"},
				"down": {"uv": [0, 5, 1.5, 5.5], "rotation": 90, "texture": "#base", "cullface": "north"}
			}
		},
		{
			"from": [6, 13, 13],
			"to": [10, 16, 16],
			"faces": {
				"north": {"uv": [0, 5, 1.5, 5.5], "rotation": 90, "texture": "#base", "cullface": "up"},
				"east": {"uv": [0, 0, 1.5, 1.5], "texture": "#base"},
				"south": {"uv": [0, 5, 1.5, 5.5], "rotation": 90, "texture": "#base", "cullface": "south"},
				"west": {"uv": [0, 0, 1.5, 1.5], "texture": "#base"},
				"up": {"uv": [0, 5, 1.5, 5.5], "rotation": 90, "texture": "#base", "cullface": "up"},
				"down": {"uv": [0, 5, 1.5, 5.5], "rotation": 90, "texture": "#base", "cullface": "south"}
			}
		},
		{
			"from": [7, 13, 7],
			"to": [9, 15, 9],
			"faces": {
				"north": {"uv": [6, 9.5, 7, 10.5], "texture": "#base", "cullface": "up"},
				"east": {"uv": [7, 9.5, 8, 10.5], "texture": "#base", "cullface": "up"},
				"south": {"uv": [5, 9.5, 6, 10.5], "texture": "#base", "cullface": "up"},
				"west": {"uv": [6, 9.5, 7, 10.5], "texture": "#base", "cullface": "up"}
			}
		},
		{
			"from": [6, 15, 6],
			"to": [10, 17, 10],
			"faces": {
				"north": {"uv": [6, 9.5, 8, 10.5], "texture": "#base", "cullface": "up"},
				"south": {"uv": [5, 9.5, 7, 10.5], "texture": "#base", "cullface": "up"},
				"up": {"uv": [5.5, 11.5, 7.5, 13.5], "texture": "#base", "cullface": "up"},
				"down": {"uv": [5.5, 11.5, 7.5, 13.5], "texture": "#base", "cullface": "up"}
			}
		},
		{
			"from": [5, 17, 5],
			"to": [6, 18, 11],
			"faces": {
				"east": {"uv": [5, 11, 5.5, 14], "rotation": 90, "texture": "#base", "cullface": "up"},
				"west": {"uv": [5, 11, 5.5, 14], "rotation": 90, "texture": "#base", "cullface": "up"},
				"up": {"uv": [5, 11, 5.5, 14], "texture": "#base", "cullface": "up"}
			}
		},
		{
			"from": [5, 17, 5],
			"to": [11, 18, 6],
			"faces": {
				"north": {"uv": [5, 11, 5.5, 14], "rotation": 90, "texture": "#base", "cullface": "up"},
				"south": {"uv": [5, 11, 5.5, 14], "rotation": 90, "texture": "#base", "cullface": "up"},
				"up": {"uv": [5, 11, 5.5, 14], "rotation": 90, "texture": "#base", "cullface": "up"},
				"down": {"uv": [5, 11, 5.5, 14], "rotation": 270, "texture": "#base", "cullface": "up"}
			}
		},
		{
			"from": [10, 17, 5],
			"to": [11, 18, 11],
			"faces": {
				"east": {"uv": [5, 11, 5.5, 14], "rotation": 90, "texture": "#base", "cullface": "up"},
				"west": {"uv": [5, 11, 5.5, 14], "rotation": 90, "texture": "#base", "cullface": "up"},
				"up": {"uv": [5, 11, 5.5, 14], "rotation": 180, "texture": "#base", "cullface": "up"}
			}
		},
		{
			"from": [5, 17, 10],
			"to": [11, 18, 11],
			"faces": {
				"north": {"uv": [5, 11, 5.5, 14], "rotation": 90, "texture": "#base", "cullface": "up"},
				"south": {"uv": [5, 11, 5.5, 14], "rotation": 90, "texture": "#base", "cullface": "up"},
				"up": {"uv": [5, 11, 5.5, 14], "rotation": 270, "texture": "#base", "cullface": "up"},
				"down": {"uv": [5, 11, 5.5, 14], "rotation": 90, "texture": "#base", "cullface": "up"}
			}
		},
		{
			"name": "nose",
			"from": [12, 3, 5],
			"to": [15, 8, 11],
			"faces": {
				"north": {"uv": [3, 9.5, 4.5, 12], "texture": "#base"},
				"east": {"uv": [0, 9.5, 3, 12], "texture": "#base"},
				"south": {"uv": [3, 9.5, 4.5, 12], "texture": "#base"},
				"up": {"uv": [0, 12, 3, 13.5], "rotation": 90, "texture": "#base"},
				"down": {"uv": [0, 12, 3, 13.5], "rotation": 90, "texture": "#base"}
			}
		}
	]
}