{
	"providers": [
		{ "type": "bitmap", "file": "font/space.png", "ascent": -32768, "height": -3, "chars": ["<"] },
		{ "type": "bitmap", "file": "font/space.png", "ascent": -32768, "height": 9, "chars": ["|"] },
		{ "type": "bitmap", "file": "font/space.png", "ascent": -32768, "height": -215, "chars": [">"] },
		{
			"type": "bitmap",
			"file": "inf:gui/machine/component_table.png",
			"ascent": -4,
			"height": 54,
			"chars": ["c"]
		},
		{
			"type": "bitmap",
			"file": "inf:gui/machine/machine_maker.png",
			"ascent": -4,
			"height": 108,
			"chars": ["m"]
		},
		{
			"type": "bitmap",
			"file": "inf:gui/machine/wiring_table.png",
			"ascent": -4,
			"height": 54,
			"chars": ["w"]
		},
		{
			"type": "bitmap",
			"file": "inf:gui/machine/tool_table.png",
			"ascent": -4,
			"height": 54,
			"chars": ["t"]
		},
		{
			"type": "bitmap",
			"file": "inf:gui/machine/alloy_furnace.png",
			"ascent": -4,
			"height": 54,
			"chars": ["a"]
		},
		{
			"type": "bitmap",
			"file": "inf:gui/machine/list.png",
			"ascent": 10,
			"height": 79,
			"chars": ["l"]
		},
		{
			"type": "bitmap",
			"file": "inf:gui/machine/two_slot_list.png",
			"ascent": 10,
			"height": 79,
			"chars": ["2"]
		}
	]
}