{
	"parent": "block/block",
	"textures": {
		"display": "inf:machine/generic/0",
		"panel_base": "inf:machine/panel/cable"
	},
	"elements": [
		{
			"name": "+button",
			"from": [-1, 8, 4],
			"to": [-0.5, 11, 7],
			"rotation": {"angle": 0, "axis": "y", "origin": [-8, 8, 8]},
			"faces": {
				"north": {"uv": [4, 1, 5, 4], "texture": "#panel_base", "cullface": "west"},
				"east": {"uv": [1, 1, 4, 4], "texture": "#panel_base", "cullface": "west"},
				"south": {"uv": [0, 1, 1, 4], "texture": "#panel_base", "cullface": "west"},
				"up": {"uv": [1, 0, 4, 1], "texture": "#panel_base", "cullface": "west"},
				"down": {"uv": [1, 4, 4, 5], "texture": "#panel_base", "cullface": "west"}
			}
		},
		{
			"name": "-button",
			"from": [-1, 4, 4],
			"to": [-0.5, 7, 7],
			"rotation": {"angle": 0, "axis": "y", "origin": [-8, 8, 8]},
			"faces": {
				"north": {"uv": [15, 11, 16, 14], "texture": "#panel_base", "cullface": "west"},
				"east": {"uv": [12, 11, 15, 14], "texture": "#panel_base", "cullface": "west"},
				"south": {"uv": [11, 11, 12, 14], "texture": "#panel_base", "cullface": "west"},
				"up": {"uv": [12, 10, 15, 11], "texture": "#panel_base", "cullface": "west"},
				"down": {"uv": [12, 14, 15, 15], "texture": "#panel_base", "cullface": "west"}
			}
		},
		{
			"name": "screen",
			"from": [0.01, 4, 8],
			"to": [0.01, 11, 12],
			"rotation": {"angle": 0, "axis": "y", "origin": [-8, 8, 8]},
			"faces": {
				"east": {"uv": [0, 0, 4, 7], "texture": "#display", "cullface": "west"}
			}
		}
	],
	"display": {
		"fixed": {
			"rotation": [0, 90, 0],
			"translation": [0, 0, -16],
			"scale": [2, 2, 2]
		}
	}
}