{
	"textures": {
		"particle": "inf:machine/refinery/inside_lit",
		"inside": "inf:machine/refinery/inside_lit",
		"base": "inf:machine/alloy_furnace/base",
		"fuel": "inf:machine/generic/fuel_display"
	},
	"elements": [
		{
			"from": [2, 3, 2],
			"to": [4, 13, 14],
			"faces": {
				"north": {"uv": [5, 11, 6, 16], "texture": "#base"},
				"east": {"uv": [0, 11, 6, 16], "texture": "#base"},
				"south": {"uv": [0, 11, 1, 16], "texture": "#base"},
				"west": {"uv": [0, 11, 6, 16], "texture": "#base"},
				"down": {"uv": [15, 10, 16, 16], "texture": "#base"}
			}
		},
		{
			"from": [4, 3, 2],
			"to": [12, 13, 4],
			"faces": {
				"north": {"uv": [6, 11, 10, 16], "texture": "#base"},
				"east": {"uv": [0, 0, 1, 5], "texture": "#base"},
				"south": {"uv": [1, 11, 5, 16], "texture": "#base"},
				"west": {"uv": [0, 0, 1, 5], "texture": "#base"},
				"up": {"uv": [0, 0, 4, 1], "texture": "#base"},
				"down": {"uv": [11, 15, 15, 16], "texture": "#base"}
			}
		},
		{
			"from": [4, 3, 12],
			"to": [12, 13, 14],
			"faces": {
				"north": {"uv": [1, 11, 5, 16], "texture": "#base"},
				"south": {"uv": [1, 11, 5, 16], "texture": "#base"},
				"down": {"uv": [11, 10, 15, 11], "texture": "#base"}
			}
		},
		{
			"from": [12, 3, 2],
			"to": [14, 13, 14],
			"faces": {
				"north": {"uv": [0, 11, 1, 16], "texture": "#base"},
				"east": {"uv": [0, 11, 6, 16], "texture": "#base"},
				"south": {"uv": [5, 11, 6, 16], "texture": "#base"},
				"west": {"uv": [0, 11, 6, 16], "texture": "#base"},
				"up": {"uv": [0, 0, 1, 6], "texture": "#base"},
				"down": {"uv": [10, 10, 11, 16], "texture": "#base"}
			}
		},
		{
			"from": [5, 13, 1],
			"to": [11, 15, 5],
			"faces": {
				"north": {"uv": [10.5, 1, 13.5, 0], "rotation": 180, "texture": "#base"},
				"east": {"uv": [0, 0, 2, 1], "texture": "#base"},
				"south": {"uv": [11, 7, 14, 8], "texture": "#base"},
				"west": {"uv": [0, 0, 2, 1], "texture": "#base"},
				"up": {"uv": [10.5, 0.5, 13.5, 2.5], "texture": "#base"},
				"down": {"uv": [10.5, 0.5, 13.5, 2.5], "texture": "#base"}
			}
		},
		{
			"from": [5, 13, 11],
			"to": [11, 15, 15],
			"faces": {
				"north": {"uv": [10.5, 0, 13.5, 1], "rotation": 180, "texture": "#base"},
				"east": {"uv": [0, 0, 2, 1], "texture": "#base"},
				"south": {"uv": [10.5, 7, 13.5, 8], "rotation": 180, "texture": "#base"},
				"west": {"uv": [0, 0, 2, 1], "texture": "#base"},
				"up": {"uv": [10.5, 5.5, 13.5, 7.5], "texture": "#base"},
				"down": {"uv": [10.5, 5.5, 13.5, 7.5], "texture": "#base"}
			}
		},
		{
			"from": [1, 13, 1],
			"to": [5, 15, 15],
			"faces": {
				"north": {"uv": [8.5, 0, 10.5, 1], "texture": "#base"},
				"east": {"uv": [8.5, 7, 15.5, 8], "texture": "#base"},
				"south": {"uv": [8.5, 7, 10.5, 8], "rotation": 180, "texture": "#base"},
				"west": {"uv": [16, 0.5, 15, 7.5], "rotation": 90, "texture": "#base"},
				"up": {"uv": [8.5, 0.5, 10.5, 7.5], "texture": "#base"},
				"down": {"uv": [8.5, 0.5, 10.5, 7.5], "texture": "#base"}
			}
		},
		{
			"from": [11, 13, 1],
			"to": [15, 15, 15],
			"faces": {
				"north": {"uv": [13.5, 0, 15.5, 1], "texture": "#base"},
				"east": {"uv": [9, 0.5, 8, 7.5], "rotation": 270, "texture": "#base"},
				"south": {"uv": [13.5, 7, 15.5, 8], "rotation": 180, "texture": "#base"},
				"west": {"uv": [8.5, 0, 15.5, 1], "rotation": 180, "texture": "#base"},
				"up": {"uv": [13.5, 0.5, 15.5, 7.5], "texture": "#base"},
				"down": {"uv": [13.5, 0.5, 15.5, 7.5], "texture": "#base"}
			}
		},
		{
			"from": [1, 2, 1],
			"to": [4, 6, 4],
			"faces": {
				"north": {"uv": [0, 9, 1.5, 11], "texture": "#base"},
				"east": {"uv": [0, 9, 1.5, 11], "texture": "#base"},
				"south": {"uv": [0, 9, 1.5, 11], "texture": "#base"},
				"west": {"uv": [0, 9, 1.5, 11], "texture": "#base"},
				"up": {"uv": [0, 9, 1.5, 10.5], "texture": "#base"}
			}
		},
		{
			"from": [12, 2, 1],
			"to": [15, 6, 4],
			"faces": {
				"north": {"uv": [0, 9, 1.5, 11], "texture": "#base"},
				"east": {"uv": [0, 9, 1.5, 11], "texture": "#base"},
				"south": {"uv": [0, 9, 1.5, 11], "texture": "#base"},
				"west": {"uv": [0, 9, 1.5, 11], "texture": "#base"},
				"up": {"uv": [0, 9, 1.5, 10.5], "texture": "#base"},
				"down": {"uv": [0, 0, 1.5, 1.5], "texture": "#base"}
			}
		},
		{
			"from": [12, 2, 12],
			"to": [15, 6, 15],
			"faces": {
				"north": {"uv": [0, 9, 1.5, 11], "texture": "#base"},
				"east": {"uv": [0, 9, 1.5, 11], "texture": "#base"},
				"south": {"uv": [0, 9, 1.5, 11], "texture": "#base"},
				"west": {"uv": [0, 9, 1.5, 11], "texture": "#base"},
				"up": {"uv": [0, 9, 1.5, 10.5], "rotation": 90, "texture": "#base"}
			}
		},
		{
			"from": [1, 2, 12],
			"to": [4, 6, 15],
			"faces": {
				"north": {"uv": [0, 9, 1.5, 11], "texture": "#base"},
				"east": {"uv": [0, 9, 1.5, 11], "texture": "#base"},
				"south": {"uv": [0, 9, 1.5, 11], "texture": "#base"},
				"west": {"uv": [0, 9, 1.5, 11], "texture": "#base"},
				"up": {"uv": [0, 9, 1.5, 10.5], "rotation": 180, "texture": "#base"}
			}
		},
		{
			"from": [4, 1, 4],
			"to": [12, 11, 12],
			"faces": {
				"north": {"uv": [0, 1, 4, 6], "texture": "#base"},
				"east": {"uv": [0, 1, 4, 6], "texture": "#base"},
				"south": {"uv": [0, 1, 4, 6], "texture": "#base"},
				"west": {"uv": [0, 1, 4, 6], "texture": "#base"},
				"up": {"uv": [4, 8, 12, 16], "texture": "#inside"},
				"down": {"uv": [0, 1, 4, 5], "texture": "#base"}
			}
		},
		{
			"from": [11, 0, 0],
			"to": [16, 2, 5],
			"faces": {
				"north": {"uv": [1.5, 8, 4, 9], "texture": "#base"},
				"east": {"uv": [1.5, 8, 4, 9], "texture": "#base"},
				"south": {"uv": [1.5, 8, 4, 9], "rotation": 180, "texture": "#base"},
				"west": {"uv": [1.5, 8, 4, 9], "rotation": 180, "texture": "#base"},
				"up": {"uv": [1.5, 8.5, 4, 11], "texture": "#base"},
				"down": {"uv": [1.5, 8.5, 4, 11], "texture": "#base"}
			}
		},
		{
			"from": [0, 0, 0],
			"to": [5, 2, 5],
			"faces": {
				"north": {"uv": [1.5, 8, 4, 9], "texture": "#base"},
				"east": {"uv": [1.5, 8, 4, 9], "rotation": 180, "texture": "#base"},
				"south": {"uv": [1.5, 8, 4, 9], "rotation": 180, "texture": "#base"},
				"west": {"uv": [1.5, 8, 4, 9], "texture": "#base"},
				"up": {"uv": [1.5, 8.5, 4, 11], "rotation": 270, "texture": "#base"},
				"down": {"uv": [1.5, 8.5, 4, 11], "rotation": 90, "texture": "#base"}
			}
		},
		{
			"from": [0, 0, 11],
			"to": [5, 2, 16],
			"faces": {
				"north": {"uv": [1.5, 8, 4, 9], "rotation": 180, "texture": "#base"},
				"east": {"uv": [1.5, 8, 4, 9], "rotation": 180, "texture": "#base"},
				"south": {"uv": [1.5, 8, 4, 9], "texture": "#base"},
				"west": {"uv": [1.5, 8, 4, 9], "texture": "#base"},
				"up": {"uv": [1.5, 8.5, 4, 11], "rotation": 180, "texture": "#base"},
				"down": {"uv": [1.5, 8.5, 4, 11], "rotation": 180, "texture": "#base"}
			}
		},
		{
			"from": [11, 0, 11],
			"to": [16, 2, 16],
			"faces": {
				"north": {"uv": [1.5, 8, 4, 9], "rotation": 180, "texture": "#base"},
				"east": {"uv": [1.5, 8, 4, 9], "texture": "#base"},
				"south": {"uv": [1.5, 8, 4, 9], "texture": "#base"},
				"west": {"uv": [1.5, 8, 4, 9], "rotation": 180, "texture": "#base"},
				"up": {"uv": [1.5, 8.5, 4, 11], "rotation": 90, "texture": "#base"},
				"down": {"uv": [1.5, 8.5, 4, 11], "rotation": 270, "texture": "#base"}
			}
		},
		{
			"from": [6, 4, -2],
			"to": [10, 5, 2],
			"faces": {
				"north": {"uv": [4.5, 10.5, 6.5, 11], "texture": "#base"},
				"east": {"uv": [4, 10.5, 6, 11], "texture": "#base"},
				"south": {"uv": [0, 0, 2, 0.5], "texture": "#base"},
				"west": {"uv": [5.5, 10.5, 7.5, 11], "texture": "#base"},
				"up": {"uv": [4, 9, 6, 11], "rotation": 180, "texture": "#base"},
				"down": {"uv": [4, 9, 6, 11], "texture": "#base"}
			}
		},
		{
			"from": [9, 7, 1],
			"to": [13, 13, 2],
			"faces": {
				"north": {"uv": [1, 2, 5, 8], "texture": "#fuel"},
				"east": {"uv": [6, 2, 7, 8], "texture": "#fuel"},
				"west": {"uv": [11, 2, 12, 8], "texture": "#fuel"},
				"down": {"uv": [1, 0, 5, 1], "texture": "#fuel"}
			}
		},
		{
			"from": [6, 5, -1],
			"to": [7, 7, 2],
			"faces": {
				"north": {"uv": [7.5, 9.5, 8, 10.5], "texture": "#base"},
				"east": {"uv": [6.5, 9.5, 8, 10.5], "texture": "#base"},
				"south": {"uv": [0, 0, 0.5, 1], "texture": "#base"},
				"west": {"uv": [8, 9.5, 6.5, 10.5], "texture": "#base"},
				"up": {"uv": [7.5, 9.5, 8, 11], "texture": "#base"},
				"down": {"uv": [0, 0, 0.5, 1.5], "texture": "#base"}
			}
		},
		{
			"from": [9, 5, -1],
			"to": [10, 7, 2],
			"faces": {
				"north": {"uv": [7.5, 9.5, 8, 10.5], "texture": "#base"},
				"east": {"uv": [6.5, 9.5, 8, 10.5], "texture": "#base"},
				"south": {"uv": [0, 0, 0.5, 1], "texture": "#base"},
				"west": {"uv": [8, 9.5, 6.5, 10.5], "texture": "#base"},
				"up": {"uv": [7.5, 9.5, 8, 11], "texture": "#base"},
				"down": {"uv": [0, 0, 0.5, 1.5], "texture": "#base"}
			}
		}
	],
	"display": {
		"fixed": {
			"rotation": [-90, 0, 0],
			"translation": [0, 0, -16],
			"scale": [2, 2, 2]
		}
	}
}